,Reservoir_Capacity,Reservoir_Level,Reserve_Percent,Current_Month,Number_of_Years,simulation,subset,run,substep,timestep
0,73000,0.0,0.0,0,0,0,0,1,0,0
1,73000,72.4,0.1,1,0,0,0,1,1,1
2,73000,117.20000000000002,0.1,2,0,0,0,1,1,2
3,73000,157.8,0.1,3,0,0,0,1,1,3
4,73000,200.5,0.1,4,0,0,0,1,1,4
5,73000,250.8,0.1,5,0,0,0,1,1,5
6,73000,359.20000000000005,0.1,6,0,0,0,1,1,6
7,73000,858.1000000000001,0.1,7,0,0,0,1,1,7
8,73000,2381.8,0.1,8,0,0,0,1,1,8
9,73000,3744.3,0.1,9,0,0,0,1,1,9
10,73000,4457.3,0.1,10,0,0,0,1,1,10
11,73000,4702.400000000001,0.1,11,0,0,0,1,1,11
12,73000,4828.1,0.1,0,1,0,0,1,1,12
13,73000,4900.5,0.1,1,1,0,0,1,1,13
14,73000,4945.3,0.1,2,1,0,0,1,1,14
15,73000,4985.900000000001,0.1,3,1,0,0,1,1,15
16,73000,5028.6,0.1,4,1,0,0,1,1,16
17,73000,5078.900000000001,0.1,5,1,0,0,1,1,17
18,73000,5187.3,0.1,6,1,0,0,1,1,18
19,73000,5686.2,0.1,7,1,0,0,1,1,19
20,73000,7209.9,0.1,8,1,0,0,1,1,20
21,73000,8572.4,0.1,9,1,0,0,1,1,21
22,73000,9285.4,0.1,10,1,0,0,1,1,22
23,73000,9530.5,0.1,11,1,0,0,1,1,23
24,73000,9656.2,0.1,0,2,0,0,1,1,24
25,73000,9728.6,0.1,1,2,0,0,1,1,25
26,73000,9773.4,0.1,2,2,0,0,1,1,26
27,73000,9814.0,0.1,3,2,0,0,1,1,27
28,73000,9856.7,0.1,4,2,0,0,1,1,28
29,73000,9907.0,0.1,5,2,0,0,1,1,29
30,73000,10015.4,0.1,6,2,0,0,1,1,30
31,73000,10514.3,0.1,7,2,0,0,1,1,31
32,73000,12038.0,0.1,8,2,0,0,1,1,32
33,73000,13400.5,0.1,9,2,0,0,1,1,33
34,73000,14113.5,0.1,10,2,0,0,1,1,34
35,73000,14358.6,0.1,11,2,0,0,1,1,35
36,73000,14484.300000000001,0.1,0,3,0,0,1,1,36
37,73000,14556.7,0.1,1,3,0,0,1,1,37
38,73000,14601.5,0.1,2,3,0,0,1,1,38
39,73000,14642.1,0.1,3,3,0,0,1,1,39
40,73000,14684.800000000001,0.1,4,3,0,0,1,1,40
41,73000,14735.1,0.1,5,3,0,0,1,1,41
42,73000,14843.5,0.1,6,3,0,0,1,1,42
43,73000,15342.4,0.1,7,3,0,0,1,1,43
44,73000,16866.1,0.1,8,3,0,0,1,1,44
45,73000,18228.6,0.1,9,3,0,0,1,1,45
46,73000,18941.6,0.1,10,3,0,0,1,1,46
47,73000,19186.699999999997,0.1,11,3,0,0,1,1,47
48,73000,19312.399999999998,0.1,0,4,0,0,1,1,48
49,73000,19384.8,0.1,1,4,0,0,1,1,49
50,73000,19429.6,0.1,2,4,0,0,1,1,50
51,73000,19470.199999999997,0.1,3,4,0,0,1,1,51
52,73000,19512.899999999998,0.1,4,4,0,0,1,1,52
53,73000,19563.199999999997,0.1,5,4,0,0,1,1,53
54,73000,19671.6,0.1,6,4,0,0,1,1,54
55,73000,20170.5,0.1,7,4,0,0,1,1,55
56,73000,21694.2,0.1,8,4,0,0,1,1,56
57,73000,23056.7,0.1,9,4,0,0,1,1,57
58,73000,23769.7,0.1,10,4,0,0,1,1,58
59,73000,24014.8,0.1,11,4,0,0,1,1,59
60,73000,24140.5,0.1,0,5,0,0,1,1,60
61,73000,24212.9,0.1,1,5,0,0,1,1,61
62,73000,24257.7,0.1,2,5,0,0,1,1,62
63,73000,24298.3,0.1,3,5,0,0,1,1,63
64,73000,24341.0,0.1,4,5,0,0,1,1,64
65,73000,24391.3,0.1,5,5,0,0,1,1,65
66,73000,24499.7,0.1,6,5,0,0,1,1,66
67,73000,24998.600000000002,0.1,7,5,0,0,1,1,67
68,73000,26522.300000000003,0.1,8,5,0,0,1,1,68
69,73000,27884.800000000003,0.1,9,5,0,0,1,1,69
70,73000,28597.800000000003,0.1,10,5,0,0,1,1,70
71,73000,28842.9,0.1,11,5,0,0,1,1,71
72,73000,28968.600000000002,0.1,0,6,0,0,1,1,72
73,73000,29041.000000000004,0.1,1,6,0,0,1,1,73
74,73000,29085.800000000003,0.1,2,6,0,0,1,1,74
75,73000,29126.4,0.1,3,6,0,0,1,1,75
76,73000,29169.100000000002,0.1,4,6,0,0,1,1,76
77,73000,29219.4,0.1,5,6,0,0,1,1,77
78,73000,29327.800000000003,0.1,6,6,0,0,1,1,78
79,73000,29826.700000000004,0.1,7,6,0,0,1,1,79
80,73000,31350.400000000005,0.1,8,6,0,0,1,1,80
81,73000,32712.900000000005,0.1,9,6,0,0,1,1,81
82,73000,33425.90000000001,0.1,10,6,0,0,1,1,82
83,73000,33671.00000000001,0.1,11,6,0,0,1,1,83
84,73000,33796.700000000004,0.1,0,7,0,0,1,1,84
85,73000,33869.100000000006,0.1,1,7,0,0,1,1,85
86,73000,33913.90000000001,0.1,2,7,0,0,1,1,86
87,73000,33954.50000000001,0.1,3,7,0,0,1,1,87
88,73000,33997.200000000004,0.1,4,7,0,0,1,1,88
89,73000,34047.50000000001,0.1,5,7,0,0,1,1,89
90,73000,34155.90000000001,0.1,6,7,0,0,1,1,90
91,73000,34654.80000000001,0.1,7,7,0,0,1,1,91
92,73000,36178.50000000001,0.1,8,7,0,0,1,1,92
93,73000,37541.00000000001,0.1,9,7,0,0,1,1,93
94,73000,38254.00000000001,0.1,10,7,0,0,1,1,94
95,73000,38499.100000000006,0.1,11,7,0,0,1,1,95
96,73000,38624.8,0.1,0,8,0,0,1,1,96
97,73000,38697.200000000004,0.1,1,8,0,0,1,1,97
98,73000,38742.00000000001,0.1,2,8,0,0,1,1,98
99,73000,38782.600000000006,0.1,3,8,0,0,1,1,99
100,73000,38825.3,0.1,4,8,0,0,1,1,100
101,73000,38875.600000000006,0.1,5,8,0,0,1,1,101
102,73000,38984.00000000001,0.1,6,8,0,0,1,1,102
103,73000,39482.90000000001,0.1,7,8,0,0,1,1,103
104,73000,41006.600000000006,0.1,8,8,0,0,1,1,104
105,73000,42369.100000000006,0.1,9,8,0,0,1,1,105
106,73000,43082.100000000006,0.1,10,8,0,0,1,1,106
107,73000,43327.200000000004,0.1,11,8,0,0,1,1,107
108,73000,43452.9,0.1,0,9,0,0,1,1,108
109,73000,43525.3,0.1,1,9,0,0,1,1,109
110,73000,43570.100000000006,0.1,2,9,0,0,1,1,110
111,73000,43610.700000000004,0.1,3,9,0,0,1,1,111
112,73000,43653.4,0.1,4,9,0,0,1,1,112
113,73000,43703.700000000004,0.1,5,9,0,0,1,1,113
114,73000,43812.100000000006,0.1,6,9,0,0,1,1,114
115,73000,44311.00000000001,0.1,7,9,0,0,1,1,115
116,73000,45834.700000000004,0.1,8,9,0,0,1,1,116
117,73000,47197.200000000004,0.1,9,9,0,0,1,1,117
118,73000,47910.200000000004,0.1,10,9,0,0,1,1,118
119,73000,48155.3,0.1,11,9,0,0,1,1,119
120,73000,48281.0,0.1,0,10,0,0,1,1,120
121,73000,48353.4,0.1,1,10,0,0,1,1,121
122,73000,48398.200000000004,0.1,2,10,0,0,1,1,122
123,73000,48438.8,0.1,3,10,0,0,1,1,123
124,73000,48481.5,0.1,4,10,0,0,1,1,124
125,73000,48531.8,0.1,5,10,0,0,1,1,125
126,73000,48640.200000000004,0.1,6,10,0,0,1,1,126
127,73000,49139.100000000006,0.1,7,10,0,0,1,1,127
128,73000,50662.8,0.1,8,10,0,0,1,1,128
129,73000,52025.3,0.1,9,10,0,0,1,1,129
130,73000,52738.3,0.1,10,10,0,0,1,1,130
131,73000,52983.4,0.1,11,10,0,0,1,1,131
132,73000,53109.1,0.1,0,11,0,0,1,1,132
133,73000,53181.5,0.1,1,11,0,0,1,1,133
134,73000,53226.3,0.1,2,11,0,0,1,1,134
135,73000,53266.9,0.1,3,11,0,0,1,1,135
136,73000,53309.6,0.1,4,11,0,0,1,1,136
137,73000,53359.9,0.1,5,11,0,0,1,1,137
138,73000,53468.3,0.1,6,11,0,0,1,1,138
139,73000,53967.200000000004,0.1,7,11,0,0,1,1,139
140,73000,55490.9,0.1,8,11,0,0,1,1,140
141,73000,56853.4,0.1,9,11,0,0,1,1,141
142,73000,57566.4,0.1,10,11,0,0,1,1,142
143,73000,57811.5,0.1,11,11,0,0,1,1,143
144,73000,57937.2,0.1,0,12,0,0,1,1,144
145,73000,58009.6,0.1,1,12,0,0,1,1,145
146,73000,58054.4,0.1,2,12,0,0,1,1,146
147,73000,58095.0,0.1,3,12,0,0,1,1,147
148,73000,58137.7,0.1,4,12,0,0,1,1,148
149,73000,58188.0,0.1,5,12,0,0,1,1,149
150,73000,58296.4,0.1,6,12,0,0,1,1,150
151,73000,0.0,0.0,0,0,0,1,2,0,0
152,73000,144.8,0.2,1,0,0,1,2,1,1
153,73000,234.40000000000003,0.2,2,0,0,1,2,1,2
154,73000,315.6,0.2,3,0,0,1,2,1,3
155,73000,401.0,0.2,4,0,0,1,2,1,4
156,73000,501.6,0.2,5,0,0,1,2,1,5
157,73000,718.4000000000001,0.2,6,0,0,1,2,1,6
158,73000,1716.2000000000003,0.2,7,0,0,1,2,1,7
159,73000,4763.6,0.2,8,0,0,1,2,1,8
160,73000,7488.6,0.2,9,0,0,1,2,1,9
161,73000,8914.6,0.2,10,0,0,1,2,1,10
162,73000,9404.800000000001,0.2,11,0,0,1,2,1,11
163,73000,9656.2,0.2,0,1,0,1,2,1,12
164,73000,9801.0,0.2,1,1,0,1,2,1,13
165,73000,9890.6,0.2,2,1,0,1,2,1,14
166,73000,9971.800000000001,0.2,3,1,0,1,2,1,15
167,73000,10057.2,0.2,4,1,0,1,2,1,16
168,73000,10157.800000000001,0.2,5,1,0,1,2,1,17
169,73000,10374.6,0.2,6,1,0,1,2,1,18
170,73000,11372.4,0.2,7,1,0,1,2,1,19
171,73000,14419.8,0.2,8,1,0,1,2,1,20
172,73000,17144.8,0.2,9,1,0,1,2,1,21
173,73000,18570.8,0.2,10,1,0,1,2,1,22
174,73000,19061.0,0.2,11,1,0,1,2,1,23
175,73000,19312.4,0.2,0,2,0,1,2,1,24
176,73000,19457.2,0.2,1,2,0,1,2,1,25
177,73000,19546.8,0.2,2,2,0,1,2,1,26
178,73000,19628.0,0.2,3,2,0,1,2,1,27
179,73000,19713.4,0.2,4,2,0,1,2,1,28
180,73000,19814.0,0.2,5,2,0,1,2,1,29
181,73000,20030.8,0.2,6,2,0,1,2,1,30
182,73000,21028.6,0.2,7,2,0,1,2,1,31
183,73000,24076.0,0.2,8,2,0,1,2,1,32
184,73000,26801.0,0.2,9,2,0,1,2,1,33
185,73000,28227.0,0.2,10,2,0,1,2,1,34
186,73000,28717.2,0.2,11,2,0,1,2,1,35
187,73000,28968.600000000002,0.2,0,3,0,1,2,1,36
188,73000,29113.4,0.2,1,3,0,1,2,1,37
189,73000,29203.0,0.2,2,3,0,1,2,1,38
190,73000,29284.2,0.2,3,3,0,1,2,1,39
191,73000,29369.600000000002,0.2,4,3,0,1,2,1,40
192,73000,29470.2,0.2,5,3,0,1,2,1,41
193,73000,29687.0,0.2,6,3,0,1,2,1,42
194,73000,30684.8,0.2,7,3,0,1,2,1,43
195,73000,33732.2,0.2,8,3,0,1,2,1,44
196,73000,36457.2,0.2,9,3,0,1,2,1,45
197,73000,37883.2,0.2,10,3,0,1,2,1,46
198,73000,38373.399999999994,0.2,11,3,0,1,2,1,47
199,73000,38624.799999999996,0.2,0,4,0,1,2,1,48
200,73000,38769.6,0.2,1,4,0,1,2,1,49
201,73000,38859.2,0.2,2,4,0,1,2,1,50
202,73000,38940.399999999994,0.2,3,4,0,1,2,1,51
203,73000,39025.799999999996,0.2,4,4,0,1,2,1,52
204,73000,39126.399999999994,0.2,5,4,0,1,2,1,53
205,73000,39343.2,0.2,6,4,0,1,2,1,54
206,73000,40341.0,0.2,7,4,0,1,2,1,55
207,73000,43388.4,0.2,8,4,0,1,2,1,56
208,73000,46113.4,0.2,9,4,0,1,2,1,57
209,73000,47539.4,0.2,10,4,0,1,2,1,58
210,73000,48029.6,0.2,11,4,0,1,2,1,59
211,73000,48281.0,0.2,0,5,0,1,2,1,60
212,73000,48425.8,0.2,1,5,0,1,2,1,61
213,73000,48515.4,0.2,2,5,0,1,2,1,62
214,73000,48596.6,0.2,3,5,0,1,2,1,63
215,73000,48682.0,0.2,4,5,0,1,2,1,64
216,73000,48782.6,0.2,5,5,0,1,2,1,65
217,73000,48999.4,0.2,6,5,0,1,2,1,66
218,73000,49997.200000000004,0.2,7,5,0,1,2,1,67
219,73000,53044.600000000006,0.2,8,5,0,1,2,1,68
220,73000,55769.600000000006,0.2,9,5,0,1,2,1,69
221,73000,57195.600000000006,0.2,10,5,0,1,2,1,70
222,73000,57685.8,0.2,11,5,0,1,2,1,71
223,73000,57937.200000000004,0.2,0,6,0,1,2,1,72
224,73000,58082.00000000001,0.2,1,6,0,1,2,1,73
225,73000,58171.600000000006,0.2,2,6,0,1,2,1,74
226,73000,58252.8,0.2,3,6,0,1,2,1,75
227,73000,58338.200000000004,0.2,4,6,0,1,2,1,76
228,73000,58438.8,0.2,5,6,0,1,2,1,77
229,73000,58655.600000000006,0.2,6,6,0,1,2,1,78
230,73000,59653.40000000001,0.2,7,6,0,1,2,1,79
231,73000,62700.80000000001,0.2,8,6,0,1,2,1,80
232,73000,65425.80000000001,0.2,9,6,0,1,2,1,81
233,73000,66851.80000000002,0.2,10,6,0,1,2,1,82
234,73000,67342.00000000001,0.2,11,6,0,1,2,1,83
235,73000,67593.40000000001,0.2,0,7,0,1,2,1,84
236,73000,67738.20000000001,0.2,1,7,0,1,2,1,85
237,73000,67827.80000000002,0.2,2,7,0,1,2,1,86
238,73000,67909.00000000001,0.2,3,7,0,1,2,1,87
239,73000,67994.40000000001,0.2,4,7,0,1,2,1,88
240,73000,68095.00000000001,0.2,5,7,0,1,2,1,89
241,73000,68311.80000000002,0.2,6,7,0,1,2,1,90
242,73000,69309.60000000002,0.2,7,7,0,1,2,1,91
243,73000,72357.00000000001,0.2,8,7,0,1,2,1,92
244,73000,75082.00000000001,0.2,9,7,0,1,2,1,93
245,73000,75082.00000000001,0.2,10,7,0,1,2,1,94
246,73000,75082.00000000001,0.2,11,7,0,1,2,1,95
247,73000,75082.00000000001,0.2,0,7,0,1,2,1,96
248,73000,75082.00000000001,0.2,1,7,0,1,2,1,97
249,73000,75082.00000000001,0.2,2,7,0,1,2,1,98
250,73000,75082.00000000001,0.2,3,7,0,1,2,1,99
251,73000,75082.00000000001,0.2,4,7,0,1,2,1,100
252,73000,75082.00000000001,0.2,5,7,0,1,2,1,101
253,73000,75082.00000000001,0.2,6,7,0,1,2,1,102
254,73000,75082.00000000001,0.2,7,7,0,1,2,1,103
255,73000,75082.00000000001,0.2,8,7,0,1,2,1,104
256,73000,75082.00000000001,0.2,9,7,0,1,2,1,105
257,73000,75082.00000000001,0.2,10,7,0,1,2,1,106
258,73000,75082.00000000001,0.2,11,7,0,1,2,1,107
259,73000,75082.00000000001,0.2,0,7,0,1,2,1,108
260,73000,75082.00000000001,0.2,1,7,0,1,2,1,109
261,73000,75082.00000000001,0.2,2,7,0,1,2,1,110
262,73000,75082.00000000001,0.2,3,7,0,1,2,1,111
263,73000,75082.00000000001,0.2,4,7,0,1,2,1,112
264,73000,75082.00000000001,0.2,5,7,0,1,2,1,113
265,73000,75082.00000000001,0.2,6,7,0,1,2,1,114
266,73000,75082.00000000001,0.2,7,7,0,1,2,1,115
267,73000,75082.00000000001,0.2,8,7,0,1,2,1,116
268,73000,75082.00000000001,0.2,9,7,0,1,2,1,117
269,73000,75082.00000000001,0.2,10,7,0,1,2,1,118
270,73000,75082.00000000001,0.2,11,7,0,1,2,1,119
271,73000,75082.00000000001,0.2,0,7,0,1,2,1,120
272,73000,75082.00000000001,0.2,1,7,0,1,2,1,121
273,73000,75082.00000000001,0.2,2,7,0,1,2,1,122
274,73000,75082.00000000001,0.2,3,7,0,1,2,1,123
275,73000,75082.00000000001,0.2,4,7,0,1,2,1,124
276,73000,75082.00000000001,0.2,5,7,0,1,2,1,125
277,73000,75082.00000000001,0.2,6,7,0,1,2,1,126
278,73000,75082.00000000001,0.2,7,7,0,1,2,1,127
279,73000,75082.00000000001,0.2,8,7,0,1,2,1,128
280,73000,75082.00000000001,0.2,9,7,0,1,2,1,129
281,73000,75082.00000000001,0.2,10,7,0,1,2,1,130
282,73000,75082.00000000001,0.2,11,7,0,1,2,1,131
283,73000,75082.00000000001,0.2,0,7,0,1,2,1,132
284,73000,75082.00000000001,0.2,1,7,0,1,2,1,133
285,73000,75082.00000000001,0.2,2,7,0,1,2,1,134
286,73000,75082.00000000001,0.2,3,7,0,1,2,1,135
287,73000,75082.00000000001,0.2,4,7,0,1,2,1,136
288,73000,75082.00000000001,0.2,5,7,0,1,2,1,137
289,73000,75082.00000000001,0.2,6,7,0,1,2,1,138
290,73000,75082.00000000001,0.2,7,7,0,1,2,1,139
291,73000,75082.00000000001,0.2,8,7,0,1,2,1,140
292,73000,75082.00000000001,0.2,9,7,0,1,2,1,141
293,73000,75082.00000000001,0.2,10,7,0,1,2,1,142
294,73000,75082.00000000001,0.2,11,7,0,1,2,1,143
295,73000,75082.00000000001,0.2,0,7,0,1,2,1,144
296,73000,75082.00000000001,0.2,1,7,0,1,2,1,145
297,73000,75082.00000000001,0.2,2,7,0,1,2,1,146
298,73000,75082.00000000001,0.2,3,7,0,1,2,1,147
299,73000,75082.00000000001,0.2,4,7,0,1,2,1,148
300,73000,75082.00000000001,0.2,5,7,0,1,2,1,149
301,73000,75082.00000000001,0.2,6,7,0,1,2,1,150
302,73000,0.0,0.0,0,0,0,2,3,0,0
303,73000,217.2,0.3,1,0,0,2,3,1,1
304,73000,351.6,0.3,2,0,0,2,3,1,2
305,73000,473.40000000000003,0.3,3,0,0,2,3,1,3
306,73000,601.5,0.3,4,0,0,2,3,1,4
307,73000,752.4,0.3,5,0,0,2,3,1,5
308,73000,1077.6,0.3,6,0,0,2,3,1,6
309,73000,2574.3,0.3,7,0,0,2,3,1,7
310,73000,7145.4,0.3,8,0,0,2,3,1,8
311,73000,11232.9,0.3,9,0,0,2,3,1,9
312,73000,13371.9,0.3,10,0,0,2,3,1,10
313,73000,14107.199999999999,0.3,11,0,0,2,3,1,11
314,73000,14484.3,0.3,0,1,0,2,3,1,12
315,73000,14701.5,0.3,1,1,0,2,3,1,13
316,73000,14835.9,0.3,2,1,0,2,3,1,14
317,73000,14957.699999999999,0.3,3,1,0,2,3,1,15
318,73000,15085.8,0.3,4,1,0,2,3,1,16
319,73000,15236.699999999999,0.3,5,1,0,2,3,1,17
320,73000,15561.9,0.3,6,1,0,2,3,1,18
321,73000,17058.6,0.3,7,1,0,2,3,1,19
322,73000,21629.699999999997,0.3,8,1,0,2,3,1,20
323,73000,25717.199999999997,0.3,9,1,0,2,3,1,21
324,73000,27856.199999999997,0.3,10,1,0,2,3,1,22
325,73000,28591.499999999996,0.3,11,1,0,2,3,1,23
326,73000,28968.599999999995,0.3,0,2,0,2,3,1,24
327,73000,29185.799999999996,0.3,1,2,0,2,3,1,25
328,73000,29320.199999999997,0.3,2,2,0,2,3,1,26
329,73000,29441.999999999996,0.3,3,2,0,2,3,1,27
330,73000,29570.099999999995,0.3,4,2,0,2,3,1,28
331,73000,29720.999999999996,0.3,5,2,0,2,3,1,29
332,73000,30046.199999999997,0.3,6,2,0,2,3,1,30
333,73000,31542.899999999998,0.3,7,2,0,2,3,1,31
334,73000,36114.0,0.3,8,2,0,2,3,1,32
335,73000,40201.5,0.3,9,2,0,2,3,1,33
336,73000,42340.5,0.3,10,2,0,2,3,1,34
337,73000,43075.8,0.3,11,2,0,2,3,1,35
338,73000,43452.9,0.3,0,3,0,2,3,1,36
339,73000,43670.1,0.3,1,3,0,2,3,1,37
340,73000,43804.5,0.3,2,3,0,2,3,1,38
341,73000,43926.3,0.3,3,3,0,2,3,1,39
342,73000,44054.4,0.3,4,3,0,2,3,1,40
343,73000,44205.3,0.3,5,3,0,2,3,1,41
344,73000,44530.5,0.3,6,3,0,2,3,1,42
345,73000,46027.2,0.3,7,3,0,2,3,1,43
346,73000,50598.299999999996,0.3,8,3,0,2,3,1,44
347,73000,54685.799999999996,0.3,9,3,0,2,3,1,45
348,73000,56824.799999999996,0.3,10,3,0,2,3,1,46
349,73000,57560.1,0.3,11,3,0,2,3,1,47
350,73000,57937.2,0.3,0,4,0,2,3,1,48
351,73000,58154.399999999994,0.3,1,4,0,2,3,1,49
352,73000,58288.799999999996,0.3,2,4,0,2,3,1,50
353,73000,58410.6,0.3,3,4,0,2,3,1,51
354,73000,58538.7,0.3,4,4,0,2,3,1,52
355,73000,58689.6,0.3,5,4,0,2,3,1,53
356,73000,59014.799999999996,0.3,6,4,0,2,3,1,54
357,73000,60511.49999999999,0.3,7,4,0,2,3,1,55
358,73000,65082.59999999999,0.3,8,4,0,2,3,1,56
359,73000,69170.09999999999,0.3,9,4,0,2,3,1,57
360,73000,71309.09999999999,0.3,10,4,0,2,3,1,58
361,73000,72044.4,0.3,11,4,0,2,3,1,59
362,73000,72421.5,0.3,0,5,0,2,3,1,60
363,73000,72638.7,0.3,1,5,0,2,3,1,61
364,73000,72773.09999999999,0.3,2,5,0,2,3,1,62
365,73000,72894.9,0.3,3,5,0,2,3,1,63
366,73000,73023.0,0.3,4,5,0,2,3,1,64
367,73000,73023.0,0.3,5,5,0,2,3,1,65
368,73000,73023.0,0.3,6,5,0,2,3,1,66
369,73000,73023.0,0.3,7,5,0,2,3,1,67
370,73000,73023.0,0.3,8,5,0,2,3,1,68
371,73000,73023.0,0.3,9,5,0,2,3,1,69
372,73000,73023.0,0.3,10,5,0,2,3,1,70
373,73000,73023.0,0.3,11,5,0,2,3,1,71
374,73000,73023.0,0.3,0,5,0,2,3,1,72
375,73000,73023.0,0.3,1,5,0,2,3,1,73
376,73000,73023.0,0.3,2,5,0,2,3,1,74
377,73000,73023.0,0.3,3,5,0,2,3,1,75
378,73000,73023.0,0.3,4,5,0,2,3,1,76
379,73000,73023.0,0.3,5,5,0,2,3,1,77
380,73000,73023.0,0.3,6,5,0,2,3,1,78
381,73000,73023.0,0.3,7,5,0,2,3,1,79
382,73000,73023.0,0.3,8,5,0,2,3,1,80
383,73000,73023.0,0.3,9,5,0,2,3,1,81
384,73000,73023.0,0.3,10,5,0,2,3,1,82
385,73000,73023.0,0.3,11,5,0,2,3,1,83
386,73000,73023.0,0.3,0,5,0,2,3,1,84
387,73000,73023.0,0.3,1,5,0,2,3,1,85
388,73000,73023.0,0.3,2,5,0,2,3,1,86
389,73000,73023.0,0.3,3,5,0,2,3,1,87
390,73000,73023.0,0.3,4,5,0,2,3,1,88
391,73000,73023.0,0.3,5,5,0,2,3,1,89
392,73000,73023.0,0.3,6,5,0,2,3,1,90
393,73000,73023.0,0.3,7,5,0,2,3,1,91
394,73000,73023.0,0.3,8,5,0,2,3,1,92
395,73000,73023.0,0.3,9,5,0,2,3,1,93
396,73000,73023.0,0.3,10,5,0,2,3,1,94
397,73000,73023.0,0.3,11,5,0,2,3,1,95
398,73000,73023.0,0.3,0,5,0,2,3,1,96
399,73000,73023.0,0.3,1,5,0,2,3,1,97
400,73000,73023.0,0.3,2,5,0,2,3,1,98
401,73000,73023.0,0.3,3,5,0,2,3,1,99
402,73000,73023.0,0.3,4,5,0,2,3,1,100
403,73000,73023.0,0.3,5,5,0,2,3,1,101
404,73000,73023.0,0.3,6,5,0,2,3,1,102
405,73000,73023.0,0.3,7,5,0,2,3,1,103
406,73000,73023.0,0.3,8,5,0,2,3,1,104
407,73000,73023.0,0.3,9,5,0,2,3,1,105
408,73000,73023.0,0.3,10,5,0,2,3,1,106
409,73000,73023.0,0.3,11,5,0,2,3,1,107
410,73000,73023.0,0.3,0,5,0,2,3,1,108
411,73000,73023.0,0.3,1,5,0,2,3,1,109
412,73000,73023.0,0.3,2,5,0,2,3,1,110
413,73000,73023.0,0.3,3,5,0,2,3,1,111
414,73000,73023.0,0.3,4,5,0,2,3,1,112
415,73000,73023.0,0.3,5,5,0,2,3,1,113
416,73000,73023.0,0.3,6,5,0,2,3,1,114
417,73000,73023.0,0.3,7,5,0,2,3,1,115
418,73000,73023.0,0.3,8,5,0,2,3,1,116
419,73000,73023.0,0.3,9,5,0,2,3,1,117
420,73000,73023.0,0.3,10,5,0,2,3,1,118
421,73000,73023.0,0.3,11,5,0,2,3,1,119
422,73000,73023.0,0.3,0,5,0,2,3,1,120
423,73000,73023.0,0.3,1,5,0,2,3,1,121
424,73000,73023.0,0.3,2,5,0,2,3,1,122
425,73000,73023.0,0.3,3,5,0,2,3,1,123
426,73000,73023.0,0.3,4,5,0,2,3,1,124
427,73000,73023.0,0.3,5,5,0,2,3,1,125
428,73000,73023.0,0.3,6,5,0,2,3,1,126
429,73000,73023.0,0.3,7,5,0,2,3,1,127
430,73000,73023.0,0.3,8,5,0,2,3,1,128
431,73000,73023.0,0.3,9,5,0,2,3,1,129
432,73000,73023.0,0.3,10,5,0,2,3,1,130
433,73000,73023.0,0.3,11,5,0,2,3,1,131
434,73000,73023.0,0.3,0,5,0,2,3,1,132
435,73000,73023.0,0.3,1,5,0,2,3,1,133
436,73000,73023.0,0.3,2,5,0,2,3,1,134
437,73000,73023.0,0.3,3,5,0,2,3,1,135
438,73000,73023.0,0.3,4,5,0,2,3,1,136
439,73000,73023.0,0.3,5,5,0,2,3,1,137
440,73000,73023.0,0.3,6,5,0,2,3,1,138
441,73000,73023.0,0.3,7,5,0,2,3,1,139
442,73000,73023.0,0.3,8,5,0,2,3,1,140
443,73000,73023.0,0.3,9,5,0,2,3,1,141
444,73000,73023.0,0.3,10,5,0,2,3,1,142
445,73000,73023.0,0.3,11,5,0,2,3,1,143
446,73000,73023.0,0.3,0,5,0,2,3,1,144
447,73000,73023.0,0.3,1,5,0,2,3,1,145
448,73000,73023.0,0.3,2,5,0,2,3,1,146
449,73000,73023.0,0.3,3,5,0,2,3,1,147
450,73000,73023.0,0.3,4,5,0,2,3,1,148
451,73000,73023.0,0.3,5,5,0,2,3,1,149
452,73000,73023.0,0.3,6,5,0,2,3,1,150
453,73000,0.0,0.0,0,0,0,3,4,0,0
454,73000,289.6,0.4,1,0,0,3,4,1,1
455,73000,468.80000000000007,0.4,2,0,0,3,4,1,2
456,73000,631.2,0.4,3,0,0,3,4,1,3
457,73000,802.0,0.4,4,0,0,3,4,1,4
458,73000,1003.2,0.4,5,0,0,3,4,1,5
459,73000,1436.8000000000002,0.4,6,0,0,3,4,1,6
460,73000,3432.4000000000005,0.4,7,0,0,3,4,1,7
461,73000,9527.2,0.4,8,0,0,3,4,1,8
462,73000,14977.2,0.4,9,0,0,3,4,1,9
463,73000,17829.2,0.4,10,0,0,3,4,1,10
464,73000,18809.600000000002,0.4,11,0,0,3,4,1,11
465,73000,19312.4,0.4,0,1,0,3,4,1,12
466,73000,19602.0,0.4,1,1,0,3,4,1,13
467,73000,19781.2,0.4,2,1,0,3,4,1,14
468,73000,19943.600000000002,0.4,3,1,0,3,4,1,15
469,73000,20114.4,0.4,4,1,0,3,4,1,16
470,73000,20315.600000000002,0.4,5,1,0,3,4,1,17
471,73000,20749.2,0.4,6,1,0,3,4,1,18
472,73000,22744.8,0.4,7,1,0,3,4,1,19
473,73000,28839.6,0.4,8,1,0,3,4,1,20
474,73000,34289.6,0.4,9,1,0,3,4,1,21
475,73000,37141.6,0.4,10,1,0,3,4,1,22
476,73000,38122.0,0.4,11,1,0,3,4,1,23
477,73000,38624.8,0.4,0,2,0,3,4,1,24
478,73000,38914.4,0.4,1,2,0,3,4,1,25
479,73000,39093.6,0.4,2,2,0,3,4,1,26
480,73000,39256.0,0.4,3,2,0,3,4,1,27
481,73000,39426.8,0.4,4,2,0,3,4,1,28
482,73000,39628.0,0.4,5,2,0,3,4,1,29
483,73000,40061.6,0.4,6,2,0,3,4,1,30
484,73000,42057.2,0.4,7,2,0,3,4,1,31
485,73000,48152.0,0.4,8,2,0,3,4,1,32
486,73000,53602.0,0.4,9,2,0,3,4,1,33
487,73000,56454.0,0.4,10,2,0,3,4,1,34
488,73000,57434.4,0.4,11,2,0,3,4,1,35
489,73000,57937.200000000004,0.4,0,3,0,3,4,1,36
490,73000,58226.8,0.4,1,3,0,3,4,1,37
491,73000,58406.0,0.4,2,3,0,3,4,1,38
492,73000,58568.4,0.4,3,3,0,3,4,1,39
493,73000,58739.200000000004,0.4,4,3,0,3,4,1,40
494,73000,58940.4,0.4,5,3,0,3,4,1,41
495,73000,59374.0,0.4,6,3,0,3,4,1,42
496,73000,61369.6,0.4,7,3,0,3,4,1,43
497,73000,67464.4,0.4,8,3,0,3,4,1,44
498,73000,72914.4,0.4,9,3,0,3,4,1,45
499,73000,75766.4,0.4,10,3,0,3,4,1,46
500,73000,75766.4,0.4,11,3,0,3,4,1,47
501,73000,75766.4,0.4,0,3,0,3,4,1,48
502,73000,75766.4,0.4,1,3,0,3,4,1,49
503,73000,75766.4,0.4,2,3,0,3,4,1,50
504,73000,75766.4,0.4,3,3,0,3,4,1,51
505,73000,75766.4,0.4,4,3,0,3,4,1,52
506,73000,75766.4,0.4,5,3,0,3,4,1,53
507,73000,75766.4,0.4,6,3,0,3,4,1,54
508,73000,75766.4,0.4,7,3,0,3,4,1,55
509,73000,75766.4,0.4,8,3,0,3,4,1,56
510,73000,75766.4,0.4,9,3,0,3,4,1,57
511,73000,75766.4,0.4,10,3,0,3,4,1,58
512,73000,75766.4,0.4,11,3,0,3,4,1,59
513,73000,75766.4,0.4,0,3,0,3,4,1,60
514,73000,75766.4,0.4,1,3,0,3,4,1,61
515,73000,75766.4,0.4,2,3,0,3,4,1,62
516,73000,75766.4,0.4,3,3,0,3,4,1,63
517,73000,75766.4,0.4,4,3,0,3,4,1,64
518,73000,75766.4,0.4,5,3,0,3,4,1,65
519,73000,75766.4,0.4,6,3,0,3,4,1,66
520,73000,75766.4,0.4,7,3,0,3,4,1,67
521,73000,75766.4,0.4,8,3,0,3,4,1,68
522,73000,75766.4,0.4,9,3,0,3,4,1,69
523,73000,75766.4,0.4,10,3,0,3,4,1,70
524,73000,75766.4,0.4,11,3,0,3,4,1,71
525,73000,75766.4,0.4,0,3,0,3,4,1,72
526,73000,75766.4,0.4,1,3,0,3,4,1,73
527,73000,75766.4,0.4,2,3,0,3,4,1,74
528,73000,75766.4,0.4,3,3,0,3,4,1,75
529,73000,75766.4,0.4,4,3,0,3,4,1,76
530,73000,75766.4,0.4,5,3,0,3,4,1,77
531,73000,75766.4,0.4,6,3,0,3,4,1,78
532,73000,75766.4,0.4,7,3,0,3,4,1,79
533,73000,75766.4,0.4,8,3,0,3,4,1,80
534,73000,75766.4,0.4,9,3,0,3,4,1,81
535,73000,75766.4,0.4,10,3,0,3,4,1,82
536,73000,75766.4,0.4,11,3,0,3,4,1,83
537,73000,75766.4,0.4,0,3,0,3,4,1,84
538,73000,75766.4,0.4,1,3,0,3,4,1,85
539,73000,75766.4,0.4,2,3,0,3,4,1,86
540,73000,75766.4,0.4,3,3,0,3,4,1,87
541,73000,75766.4,0.4,4,3,0,3,4,1,88
542,73000,75766.4,0.4,5,3,0,3,4,1,89
543,73000,75766.4,0.4,6,3,0,3,4,1,90
544,73000,75766.4,0.4,7,3,0,3,4,1,91
545,73000,75766.4,0.4,8,3,0,3,4,1,92
546,73000,75766.4,0.4,9,3,0,3,4,1,93
547,73000,75766.4,0.4,10,3,0,3,4,1,94
548,73000,75766.4,0.4,11,3,0,3,4,1,95
549,73000,75766.4,0.4,0,3,0,3,4,1,96
550,73000,75766.4,0.4,1,3,0,3,4,1,97
551,73000,75766.4,0.4,2,3,0,3,4,1,98
552,73000,75766.4,0.4,3,3,0,3,4,1,99
553,73000,75766.4,0.4,4,3,0,3,4,1,100
554,73000,75766.4,0.4,5,3,0,3,4,1,101
555,73000,75766.4,0.4,6,3,0,3,4,1,102
556,73000,75766.4,0.4,7,3,0,3,4,1,103
557,73000,75766.4,0.4,8,3,0,3,4,1,104
558,73000,75766.4,0.4,9,3,0,3,4,1,105
559,73000,75766.4,0.4,10,3,0,3,4,1,106
560,73000,75766.4,0.4,11,3,0,3,4,1,107
561,73000,75766.4,0.4,0,3,0,3,4,1,108
562,73000,75766.4,0.4,1,3,0,3,4,1,109
563,73000,75766.4,0.4,2,3,0,3,4,1,110
564,73000,75766.4,0.4,3,3,0,3,4,1,111
565,73000,75766.4,0.4,4,3,0,3,4,1,112
566,73000,75766.4,0.4,5,3,0,3,4,1,113
567,73000,75766.4,0.4,6,3,0,3,4,1,114
568,73000,75766.4,0.4,7,3,0,3,4,1,115
569,73000,75766.4,0.4,8,3,0,3,4,1,116
570,73000,75766.4,0.4,9,3,0,3,4,1,117
571,73000,75766.4,0.4,10,3,0,3,4,1,118
572,73000,75766.4,0.4,11,3,0,3,4,1,119
573,73000,75766.4,0.4,0,3,0,3,4,1,120
574,73000,75766.4,0.4,1,3,0,3,4,1,121
575,73000,75766.4,0.4,2,3,0,3,4,1,122
576,73000,75766.4,0.4,3,3,0,3,4,1,123
577,73000,75766.4,0.4,4,3,0,3,4,1,124
578,73000,75766.4,0.4,5,3,0,3,4,1,125
579,73000,75766.4,0.4,6,3,0,3,4,1,126
580,73000,75766.4,0.4,7,3,0,3,4,1,127
581,73000,75766.4,0.4,8,3,0,3,4,1,128
582,73000,75766.4,0.4,9,3,0,3,4,1,129
583,73000,75766.4,0.4,10,3,0,3,4,1,130
584,73000,75766.4,0.4,11,3,0,3,4,1,131
585,73000,75766.4,0.4,0,3,0,3,4,1,132
586,73000,75766.4,0.4,1,3,0,3,4,1,133
587,73000,75766.4,0.4,2,3,0,3,4,1,134
588,73000,75766.4,0.4,3,3,0,3,4,1,135
589,73000,75766.4,0.4,4,3,0,3,4,1,136
590,73000,75766.4,0.4,5,3,0,3,4,1,137
591,73000,75766.4,0.4,6,3,0,3,4,1,138
592,73000,75766.4,0.4,7,3,0,3,4,1,139
593,73000,75766.4,0.4,8,3,0,3,4,1,140
594,73000,75766.4,0.4,9,3,0,3,4,1,141
595,73000,75766.4,0.4,10,3,0,3,4,1,142
596,73000,75766.4,0.4,11,3,0,3,4,1,143
597,73000,75766.4,0.4,0,3,0,3,4,1,144
598,73000,75766.4,0.4,1,3,0,3,4,1,145
599,73000,75766.4,0.4,2,3,0,3,4,1,146
600,73000,75766.4,0.4,3,3,0,3,4,1,147
601,73000,75766.4,0.4,4,3,0,3,4,1,148
602,73000,75766.4,0.4,5,3,0,3,4,1,149
603,73000,75766.4,0.4,6,3,0,3,4,1,150
604,73000,0.0,0.0,0,0,0,4,5,0,0
605,73000,362.0,0.5,1,0,0,4,5,1,1
606,73000,586.0,0.5,2,0,0,4,5,1,2
607,73000,789.0,0.5,3,0,0,4,5,1,3
608,73000,1002.5,0.5,4,0,0,4,5,1,4
609,73000,1254.0,0.5,5,0,0,4,5,1,5
610,73000,1796.0,0.5,6,0,0,4,5,1,6
611,73000,4290.5,0.5,7,0,0,4,5,1,7
612,73000,11909.0,0.5,8,0,0,4,5,1,8
613,73000,18721.5,0.5,9,0,0,4,5,1,9
614,73000,22286.5,0.5,10,0,0,4,5,1,10
615,73000,23512.0,0.5,11,0,0,4,5,1,11
616,73000,24140.5,0.5,0,1,0,4,5,1,12
617,73000,24502.5,0.5,1,1,0,4,5,1,13
618,73000,24726.5,0.5,2,1,0,4,5,1,14
619,73000,24929.5,0.5,3,1,0,4,5,1,15
620,73000,25143.0,0.5,4,1,0,4,5,1,16
621,73000,25394.5,0.5,5,1,0,4,5,1,17
622,73000,25936.5,0.5,6,1,0,4,5,1,18
623,73000,28431.0,0.5,7,1,0,4,5,1,19
624,73000,36049.5,0.5,8,1,0,4,5,1,20
625,73000,42862.0,0.5,9,1,0,4,5,1,21
626,73000,46427.0,0.5,10,1,0,4,5,1,22
627,73000,47652.5,0.5,11,1,0,4,5,1,23
628,73000,48281.0,0.5,0,2,0,4,5,1,24
629,73000,48643.0,0.5,1,2,0,4,5,1,25
630,73000,48867.0,0.5,2,2,0,4,5,1,26
631,73000,49070.0,0.5,3,2,0,4,5,1,27
632,73000,49283.5,0.5,4,2,0,4,5,1,28
633,73000,49535.0,0.5,5,2,0,4,5,1,29
634,73000,50077.0,0.5,6,2,0,4,5,1,30
635,73000,52571.5,0.5,7,2,0,4,5,1,31
636,73000,60190.0,0.5,8,2,0,4,5,1,32
637,73000,67002.5,0.5,9,2,0,4,5,1,33
638,73000,70567.5,0.5,10,2,0,4,5,1,34
639,73000,71793.0,0.5,11,2,0,4,5,1,35
640,73000,72421.5,0.5,0,3,0,4,5,1,36
641,73000,72783.5,0.5,1,3,0,4,5,1,37
642,73000,73007.5,0.5,2,3,0,4,5,1,38
643,73000,73007.5,0.5,3,3,0,4,5,1,39
644,73000,73007.5,0.5,4,3,0,4,5,1,40
645,73000,73007.5,0.5,5,3,0,4,5,1,41
646,73000,73007.5,0.5,6,3,0,4,5,1,42
647,73000,73007.5,0.5,7,3,0,4,5,1,43
648,73000,73007.5,0.5,8,3,0,4,5,1,44
649,73000,73007.5,0.5,9,3,0,4,5,1,45
650,73000,73007.5,0.5,10,3,0,4,5,1,46
651,73000,73007.5,0.5,11,3,0,4,5,1,47
652,73000,73007.5,0.5,0,3,0,4,5,1,48
653,73000,73007.5,0.5,1,3,0,4,5,1,49
654,73000,73007.5,0.5,2,3,0,4,5,1,50
655,73000,73007.5,0.5,3,3,0,4,5,1,51
656,73000,73007.5,0.5,4,3,0,4,5,1,52
657,73000,73007.5,0.5,5,3,0,4,5,1,53
658,73000,73007.5,0.5,6,3,0,4,5,1,54
659,73000,73007.5,0.5,7,3,0,4,5,1,55
660,73000,73007.5,0.5,8,3,0,4,5,1,56
661,73000,73007.5,0.5,9,3,0,4,5,1,57
662,73000,73007.5,0.5,10,3,0,4,5,1,58
663,73000,73007.5,0.5,11,3,0,4,5,1,59
664,73000,73007.5,0.5,0,3,0,4,5,1,60
665,73000,73007.5,0.5,1,3,0,4,5,1,61
666,73000,73007.5,0.5,2,3,0,4,5,1,62
667,73000,73007.5,0.5,3,3,0,4,5,1,63
668,73000,73007.5,0.5,4,3,0,4,5,1,64
669,73000,73007.5,0.5,5,3,0,4,5,1,65
670,73000,73007.5,0.5,6,3,0,4,5,1,66
671,73000,73007.5,0.5,7,3,0,4,5,1,67
672,73000,73007.5,0.5,8,3,0,4,5,1,68
673,73000,73007.5,0.5,9,3,0,4,5,1,69
674,73000,73007.5,0.5,10,3,0,4,5,1,70
675,73000,73007.5,0.5,11,3,0,4,5,1,71
676,73000,73007.5,0.5,0,3,0,4,5,1,72
677,73000,73007.5,0.5,1,3,0,4,5,1,73
678,73000,73007.5,0.5,2,3,0,4,5,1,74
679,73000,73007.5,0.5,3,3,0,4,5,1,75
680,73000,73007.5,0.5,4,3,0,4,5,1,76
681,73000,73007.5,0.5,5,3,0,4,5,1,77
682,73000,73007.5,0.5,6,3,0,4,5,1,78
683,73000,73007.5,0.5,7,3,0,4,5,1,79
684,73000,73007.5,0.5,8,3,0,4,5,1,80
685,73000,73007.5,0.5,9,3,0,4,5,1,81
686,73000,73007.5,0.5,10,3,0,4,5,1,82
687,73000,73007.5,0.5,11,3,0,4,5,1,83
688,73000,73007.5,0.5,0,3,0,4,5,1,84
689,73000,73007.5,0.5,1,3,0,4,5,1,85
690,73000,73007.5,0.5,2,3,0,4,5,1,86
691,73000,73007.5,0.5,3,3,0,4,5,1,87
692,73000,73007.5,0.5,4,3,0,4,5,1,88
693,73000,73007.5,0.5,5,3,0,4,5,1,89
694,73000,73007.5,0.5,6,3,0,4,5,1,90
695,73000,73007.5,0.5,7,3,0,4,5,1,91
696,73000,73007.5,0.5,8,3,0,4,5,1,92
697,73000,73007.5,0.5,9,3,0,4,5,1,93
698,73000,73007.5,0.5,10,3,0,4,5,1,94
699,73000,73007.5,0.5,11,3,0,4,5,1,95
700,73000,73007.5,0.5,0,3,0,4,5,1,96
701,73000,73007.5,0.5,1,3,0,4,5,1,97
702,73000,73007.5,0.5,2,3,0,4,5,1,98
703,73000,73007.5,0.5,3,3,0,4,5,1,99
704,73000,73007.5,0.5,4,3,0,4,5,1,100
705,73000,73007.5,0.5,5,3,0,4,5,1,101
706,73000,73007.5,0.5,6,3,0,4,5,1,102
707,73000,73007.5,0.5,7,3,0,4,5,1,103
708,73000,73007.5,0.5,8,3,0,4,5,1,104
709,73000,73007.5,0.5,9,3,0,4,5,1,105
710,73000,73007.5,0.5,10,3,0,4,5,1,106
711,73000,73007.5,0.5,11,3,0,4,5,1,107
712,73000,73007.5,0.5,0,3,0,4,5,1,108
713,73000,73007.5,0.5,1,3,0,4,5,1,109
714,73000,73007.5,0.5,2,3,0,4,5,1,110
715,73000,73007.5,0.5,3,3,0,4,5,1,111
716,73000,73007.5,0.5,4,3,0,4,5,1,112
717,73000,73007.5,0.5,5,3,0,4,5,1,113
718,73000,73007.5,0.5,6,3,0,4,5,1,114
719,73000,73007.5,0.5,7,3,0,4,5,1,115
720,73000,73007.5,0.5,8,3,0,4,5,1,116
721,73000,73007.5,0.5,9,3,0,4,5,1,117
722,73000,73007.5,0.5,10,3,0,4,5,1,118
723,73000,73007.5,0.5,11,3,0,4,5,1,119
724,73000,73007.5,0.5,0,3,0,4,5,1,120
725,73000,73007.5,0.5,1,3,0,4,5,1,121
726,73000,73007.5,0.5,2,3,0,4,5,1,122
727,73000,73007.5,0.5,3,3,0,4,5,1,123
728,73000,73007.5,0.5,4,3,0,4,5,1,124
729,73000,73007.5,0.5,5,3,0,4,5,1,125
730,73000,73007.5,0.5,6,3,0,4,5,1,126
731,73000,73007.5,0.5,7,3,0,4,5,1,127
732,73000,73007.5,0.5,8,3,0,4,5,1,128
733,73000,73007.5,0.5,9,3,0,4,5,1,129
734,73000,73007.5,0.5,10,3,0,4,5,1,130
735,73000,73007.5,0.5,11,3,0,4,5,1,131
736,73000,73007.5,0.5,0,3,0,4,5,1,132
737,73000,73007.5,0.5,1,3,0,4,5,1,133
738,73000,73007.5,0.5,2,3,0,4,5,1,134
739,73000,73007.5,0.5,3,3,0,4,5,1,135
740,73000,73007.5,0.5,4,3,0,4,5,1,136
741,73000,73007.5,0.5,5,3,0,4,5,1,137
742,73000,73007.5,0.5,6,3,0,4,5,1,138
743,73000,73007.5,0.5,7,3,0,4,5,1,139
744,73000,73007.5,0.5,8,3,0,4,5,1,140
745,73000,73007.5,0.5,9,3,0,4,5,1,141
746,73000,73007.5,0.5,10,3,0,4,5,1,142
747,73000,73007.5,0.5,11,3,0,4,5,1,143
748,73000,73007.5,0.5,0,3,0,4,5,1,144
749,73000,73007.5,0.5,1,3,0,4,5,1,145
750,73000,73007.5,0.5,2,3,0,4,5,1,146
751,73000,73007.5,0.5,3,3,0,4,5,1,147
752,73000,73007.5,0.5,4,3,0,4,5,1,148
753,73000,73007.5,0.5,5,3,0,4,5,1,149
754,73000,73007.5,0.5,6,3,0,4,5,1,150
755,73000,0.0,0.0,0,0,0,5,6,0,0
756,73000,434.4,0.6,1,0,0,5,6,1,1
757,73000,703.2,0.6,2,0,0,5,6,1,2
758,73000,946.8000000000001,0.6,3,0,0,5,6,1,3
759,73000,1203.0,0.6,4,0,0,5,6,1,4
760,73000,1504.8,0.6,5,0,0,5,6,1,5
761,73000,2155.2,0.6,6,0,0,5,6,1,6
762,73000,5148.6,0.6,7,0,0,5,6,1,7
763,73000,14290.8,0.6,8,0,0,5,6,1,8
764,73000,22465.8,0.6,9,0,0,5,6,1,9
765,73000,26743.8,0.6,10,0,0,5,6,1,10
766,73000,28214.399999999998,0.6,11,0,0,5,6,1,11
767,73000,28968.6,0.6,0,1,0,5,6,1,12
768,73000,29403.0,0.6,1,1,0,5,6,1,13
769,73000,29671.8,0.6,2,1,0,5,6,1,14
770,73000,29915.399999999998,0.6,3,1,0,5,6,1,15
771,73000,30171.6,0.6,4,1,0,5,6,1,16
772,73000,30473.399999999998,0.6,5,1,0,5,6,1,17
773,73000,31123.8,0.6,6,1,0,5,6,1,18
774,73000,34117.2,0.6,7,1,0,5,6,1,19
775,73000,43259.399999999994,0.6,8,1,0,5,6,1,20
776,73000,51434.399999999994,0.6,9,1,0,5,6,1,21
777,73000,55712.399999999994,0.6,10,1,0,5,6,1,22
778,73000,57182.99999999999,0.6,11,1,0,5,6,1,23
779,73000,57937.19999999999,0.6,0,2,0,5,6,1,24
780,73000,58371.59999999999,0.6,1,2,0,5,6,1,25
781,73000,58640.399999999994,0.6,2,2,0,5,6,1,26
782,73000,58883.99999999999,0.6,3,2,0,5,6,1,27
783,73000,59140.19999999999,0.6,4,2,0,5,6,1,28
784,73000,59441.99999999999,0.6,5,2,0,5,6,1,29
785,73000,60092.399999999994,0.6,6,2,0,5,6,1,30
786,73000,63085.799999999996,0.6,7,2,0,5,6,1,31
787,73000,72228.0,0.6,8,2,0,5,6,1,32
788,73000,80403.0,0.6,9,2,0,5,6,1,33
789,73000,80403.0,0.6,10,2,0,5,6,1,34
790,73000,80403.0,0.6,11,2,0,5,6,1,35
791,73000,80403.0,0.6,0,2,0,5,6,1,36
792,73000,80403.0,0.6,1,2,0,5,6,1,37
793,73000,80403.0,0.6,2,2,0,5,6,1,38
794,73000,80403.0,0.6,3,2,0,5,6,1,39
795,73000,80403.0,0.6,4,2,0,5,6,1,40
796,73000,80403.0,0.6,5,2,0,5,6,1,41
797,73000,80403.0,0.6,6,2,0,5,6,1,42
798,73000,80403.0,0.6,7,2,0,5,6,1,43
799,73000,80403.0,0.6,8,2,0,5,6,1,44
800,73000,80403.0,0.6,9,2,0,5,6,1,45
801,73000,80403.0,0.6,10,2,0,5,6,1,46
802,73000,80403.0,0.6,11,2,0,5,6,1,47
803,73000,80403.0,0.6,0,2,0,5,6,1,48
804,73000,80403.0,0.6,1,2,0,5,6,1,49
805,73000,80403.0,0.6,2,2,0,5,6,1,50
806,73000,80403.0,0.6,3,2,0,5,6,1,51
807,73000,80403.0,0.6,4,2,0,5,6,1,52
808,73000,80403.0,0.6,5,2,0,5,6,1,53
809,73000,80403.0,0.6,6,2,0,5,6,1,54
810,73000,80403.0,0.6,7,2,0,5,6,1,55
811,73000,80403.0,0.6,8,2,0,5,6,1,56
812,73000,80403.0,0.6,9,2,0,5,6,1,57
813,73000,80403.0,0.6,10,2,0,5,6,1,58
814,73000,80403.0,0.6,11,2,0,5,6,1,59
815,73000,80403.0,0.6,0,2,0,5,6,1,60
816,73000,80403.0,0.6,1,2,0,5,6,1,61
817,73000,80403.0,0.6,2,2,0,5,6,1,62
818,73000,80403.0,0.6,3,2,0,5,6,1,63
819,73000,80403.0,0.6,4,2,0,5,6,1,64
820,73000,80403.0,0.6,5,2,0,5,6,1,65
821,73000,80403.0,0.6,6,2,0,5,6,1,66
822,73000,80403.0,0.6,7,2,0,5,6,1,67
823,73000,80403.0,0.6,8,2,0,5,6,1,68
824,73000,80403.0,0.6,9,2,0,5,6,1,69
825,73000,80403.0,0.6,10,2,0,5,6,1,70
826,73000,80403.0,0.6,11,2,0,5,6,1,71
827,73000,80403.0,0.6,0,2,0,5,6,1,72
828,73000,80403.0,0.6,1,2,0,5,6,1,73
829,73000,80403.0,0.6,2,2,0,5,6,1,74
830,73000,80403.0,0.6,3,2,0,5,6,1,75
831,73000,80403.0,0.6,4,2,0,5,6,1,76
832,73000,80403.0,0.6,5,2,0,5,6,1,77
833,73000,80403.0,0.6,6,2,0,5,6,1,78
834,73000,80403.0,0.6,7,2,0,5,6,1,79
835,73000,80403.0,0.6,8,2,0,5,6,1,80
836,73000,80403.0,0.6,9,2,0,5,6,1,81
837,73000,80403.0,0.6,10,2,0,5,6,1,82
838,73000,80403.0,0.6,11,2,0,5,6,1,83
839,73000,80403.0,0.6,0,2,0,5,6,1,84
840,73000,80403.0,0.6,1,2,0,5,6,1,85
841,73000,80403.0,0.6,2,2,0,5,6,1,86
842,73000,80403.0,0.6,3,2,0,5,6,1,87
843,73000,80403.0,0.6,4,2,0,5,6,1,88
844,73000,80403.0,0.6,5,2,0,5,6,1,89
845,73000,80403.0,0.6,6,2,0,5,6,1,90
846,73000,80403.0,0.6,7,2,0,5,6,1,91
847,73000,80403.0,0.6,8,2,0,5,6,1,92
848,73000,80403.0,0.6,9,2,0,5,6,1,93
849,73000,80403.0,0.6,10,2,0,5,6,1,94
850,73000,80403.0,0.6,11,2,0,5,6,1,95
851,73000,80403.0,0.6,0,2,0,5,6,1,96
852,73000,80403.0,0.6,1,2,0,5,6,1,97
853,73000,80403.0,0.6,2,2,0,5,6,1,98
854,73000,80403.0,0.6,3,2,0,5,6,1,99
855,73000,80403.0,0.6,4,2,0,5,6,1,100
856,73000,80403.0,0.6,5,2,0,5,6,1,101
857,73000,80403.0,0.6,6,2,0,5,6,1,102
858,73000,80403.0,0.6,7,2,0,5,6,1,103
859,73000,80403.0,0.6,8,2,0,5,6,1,104
860,73000,80403.0,0.6,9,2,0,5,6,1,105
861,73000,80403.0,0.6,10,2,0,5,6,1,106
862,73000,80403.0,0.6,11,2,0,5,6,1,107
863,73000,80403.0,0.6,0,2,0,5,6,1,108
864,73000,80403.0,0.6,1,2,0,5,6,1,109
865,73000,80403.0,0.6,2,2,0,5,6,1,110
866,73000,80403.0,0.6,3,2,0,5,6,1,111
867,73000,80403.0,0.6,4,2,0,5,6,1,112
868,73000,80403.0,0.6,5,2,0,5,6,1,113
869,73000,80403.0,0.6,6,2,0,5,6,1,114
870,73000,80403.0,0.6,7,2,0,5,6,1,115
871,73000,80403.0,0.6,8,2,0,5,6,1,116
872,73000,80403.0,0.6,9,2,0,5,6,1,117
873,73000,80403.0,0.6,10,2,0,5,6,1,118
874,73000,80403.0,0.6,11,2,0,5,6,1,119
875,73000,80403.0,0.6,0,2,0,5,6,1,120
876,73000,80403.0,0.6,1,2,0,5,6,1,121
877,73000,80403.0,0.6,2,2,0,5,6,1,122
878,73000,80403.0,0.6,3,2,0,5,6,1,123
879,73000,80403.0,0.6,4,2,0,5,6,1,124
880,73000,80403.0,0.6,5,2,0,5,6,1,125
881,73000,80403.0,0.6,6,2,0,5,6,1,126
882,73000,80403.0,0.6,7,2,0,5,6,1,127
883,73000,80403.0,0.6,8,2,0,5,6,1,128
884,73000,80403.0,0.6,9,2,0,5,6,1,129
885,73000,80403.0,0.6,10,2,0,5,6,1,130
886,73000,80403.0,0.6,11,2,0,5,6,1,131
887,73000,80403.0,0.6,0,2,0,5,6,1,132
888,73000,80403.0,0.6,1,2,0,5,6,1,133
889,73000,80403.0,0.6,2,2,0,5,6,1,134
890,73000,80403.0,0.6,3,2,0,5,6,1,135
891,73000,80403.0,0.6,4,2,0,5,6,1,136
892,73000,80403.0,0.6,5,2,0,5,6,1,137
893,73000,80403.0,0.6,6,2,0,5,6,1,138
894,73000,80403.0,0.6,7,2,0,5,6,1,139
895,73000,80403.0,0.6,8,2,0,5,6,1,140
896,73000,80403.0,0.6,9,2,0,5,6,1,141
897,73000,80403.0,0.6,10,2,0,5,6,1,142
898,73000,80403.0,0.6,11,2,0,5,6,1,143
899,73000,80403.0,0.6,0,2,0,5,6,1,144
900,73000,80403.0,0.6,1,2,0,5,6,1,145
901,73000,80403.0,0.6,2,2,0,5,6,1,146
902,73000,80403.0,0.6,3,2,0,5,6,1,147
903,73000,80403.0,0.6,4,2,0,5,6,1,148
904,73000,80403.0,0.6,5,2,0,5,6,1,149
905,73000,80403.0,0.6,6,2,0,5,6,1,150
906,73000,0.0,0.0,0,0,0,6,7,0,0
907,73000,506.79999999999995,0.7,1,0,0,6,7,1,1
908,73000,820.3999999999999,0.7,2,0,0,6,7,1,2
909,73000,1104.6,0.7,3,0,0,6,7,1,3
910,73000,1403.5,0.7,4,0,0,6,7,1,4
911,73000,1755.6,0.7,5,0,0,6,7,1,5
912,73000,2514.3999999999996,0.7,6,0,0,6,7,1,6
913,73000,6006.699999999999,0.7,7,0,0,6,7,1,7
914,73000,16672.6,0.7,8,0,0,6,7,1,8
915,73000,26210.1,0.7,9,0,0,6,7,1,9
916,73000,31201.1,0.7,10,0,0,6,7,1,10
917,73000,32916.799999999996,0.7,11,0,0,6,7,1,11
918,73000,33796.7,0.7,0,1,0,6,7,1,12
919,73000,34303.5,0.7,1,1,0,6,7,1,13
920,73000,34617.1,0.7,2,1,0,6,7,1,14
921,73000,34901.299999999996,0.7,3,1,0,6,7,1,15
922,73000,35200.2,0.7,4,1,0,6,7,1,16
923,73000,35552.299999999996,0.7,5,1,0,6,7,1,17
924,73000,36311.1,0.7,6,1,0,6,7,1,18
925,73000,39803.4,0.7,7,1,0,6,7,1,19
926,73000,50469.3,0.7,8,1,0,6,7,1,20
927,73000,60006.8,0.7,9,1,0,6,7,1,21
928,73000,64997.8,0.7,10,1,0,6,7,1,22
929,73000,66713.5,0.7,11,1,0,6,7,1,23
930,73000,67593.4,0.7,0,2,0,6,7,1,24
931,73000,68100.2,0.7,1,2,0,6,7,1,25
932,73000,68413.8,0.7,2,2,0,6,7,1,26
933,73000,68698.0,0.7,3,2,0,6,7,1,27
934,73000,68996.9,0.7,4,2,0,6,7,1,28
935,73000,69349.0,0.7,5,2,0,6,7,1,29
936,73000,70107.8,0.7,6,2,0,6,7,1,30
937,73000,73600.1,0.7,7,2,0,6,7,1,31
938,73000,73600.1,0.7,8,2,0,6,7,1,32
939,73000,73600.1,0.7,9,2,0,6,7,1,33
940,73000,73600.1,0.7,10,2,0,6,7,1,34
941,73000,73600.1,0.7,11,2,0,6,7,1,35
942,73000,73600.1,0.7,0,2,0,6,7,1,36
943,73000,73600.1,0.7,1,2,0,6,7,1,37
944,73000,73600.1,0.7,2,2,0,6,7,1,38
945,73000,73600.1,0.7,3,2,0,6,7,1,39
946,73000,73600.1,0.7,4,2,0,6,7,1,40
947,73000,73600.1,0.7,5,2,0,6,7,1,41
948,73000,73600.1,0.7,6,2,0,6,7,1,42
949,73000,73600.1,0.7,7,2,0,6,7,1,43
950,73000,73600.1,0.7,8,2,0,6,7,1,44
951,73000,73600.1,0.7,9,2,0,6,7,1,45
952,73000,73600.1,0.7,10,2,0,6,7,1,46
953,73000,73600.1,0.7,11,2,0,6,7,1,47
954,73000,73600.1,0.7,0,2,0,6,7,1,48
955,73000,73600.1,0.7,1,2,0,6,7,1,49
956,73000,73600.1,0.7,2,2,0,6,7,1,50
957,73000,73600.1,0.7,3,2,0,6,7,1,51
958,73000,73600.1,0.7,4,2,0,6,7,1,52
959,73000,73600.1,0.7,5,2,0,6,7,1,53
960,73000,73600.1,0.7,6,2,0,6,7,1,54
961,73000,73600.1,0.7,7,2,0,6,7,1,55
962,73000,73600.1,0.7,8,2,0,6,7,1,56
963,73000,73600.1,0.7,9,2,0,6,7,1,57
964,73000,73600.1,0.7,10,2,0,6,7,1,58
965,73000,73600.1,0.7,11,2,0,6,7,1,59
966,73000,73600.1,0.7,0,2,0,6,7,1,60
967,73000,73600.1,0.7,1,2,0,6,7,1,61
968,73000,73600.1,0.7,2,2,0,6,7,1,62
969,73000,73600.1,0.7,3,2,0,6,7,1,63
970,73000,73600.1,0.7,4,2,0,6,7,1,64
971,73000,73600.1,0.7,5,2,0,6,7,1,65
972,73000,73600.1,0.7,6,2,0,6,7,1,66
973,73000,73600.1,0.7,7,2,0,6,7,1,67
974,73000,73600.1,0.7,8,2,0,6,7,1,68
975,73000,73600.1,0.7,9,2,0,6,7,1,69
976,73000,73600.1,0.7,10,2,0,6,7,1,70
977,73000,73600.1,0.7,11,2,0,6,7,1,71
978,73000,73600.1,0.7,0,2,0,6,7,1,72
979,73000,73600.1,0.7,1,2,0,6,7,1,73
980,73000,73600.1,0.7,2,2,0,6,7,1,74
981,73000,73600.1,0.7,3,2,0,6,7,1,75
982,73000,73600.1,0.7,4,2,0,6,7,1,76
983,73000,73600.1,0.7,5,2,0,6,7,1,77
984,73000,73600.1,0.7,6,2,0,6,7,1,78
985,73000,73600.1,0.7,7,2,0,6,7,1,79
986,73000,73600.1,0.7,8,2,0,6,7,1,80
987,73000,73600.1,0.7,9,2,0,6,7,1,81
988,73000,73600.1,0.7,10,2,0,6,7,1,82
989,73000,73600.1,0.7,11,2,0,6,7,1,83
990,73000,73600.1,0.7,0,2,0,6,7,1,84
991,73000,73600.1,0.7,1,2,0,6,7,1,85
992,73000,73600.1,0.7,2,2,0,6,7,1,86
993,73000,73600.1,0.7,3,2,0,6,7,1,87
994,73000,73600.1,0.7,4,2,0,6,7,1,88
995,73000,73600.1,0.7,5,2,0,6,7,1,89
996,73000,73600.1,0.7,6,2,0,6,7,1,90
997,73000,73600.1,0.7,7,2,0,6,7,1,91
998,73000,73600.1,0.7,8,2,0,6,7,1,92
999,73000,73600.1,0.7,9,2,0,6,7,1,93
1000,73000,73600.1,0.7,10,2,0,6,7,1,94
1001,73000,73600.1,0.7,11,2,0,6,7,1,95
1002,73000,73600.1,0.7,0,2,0,6,7,1,96
1003,73000,73600.1,0.7,1,2,0,6,7,1,97
1004,73000,73600.1,0.7,2,2,0,6,7,1,98
1005,73000,73600.1,0.7,3,2,0,6,7,1,99
1006,73000,73600.1,0.7,4,2,0,6,7,1,100
1007,73000,73600.1,0.7,5,2,0,6,7,1,101
1008,73000,73600.1,0.7,6,2,0,6,7,1,102
1009,73000,73600.1,0.7,7,2,0,6,7,1,103
1010,73000,73600.1,0.7,8,2,0,6,7,1,104
1011,73000,73600.1,0.7,9,2,0,6,7,1,105
1012,73000,73600.1,0.7,10,2,0,6,7,1,106
1013,73000,73600.1,0.7,11,2,0,6,7,1,107
1014,73000,73600.1,0.7,0,2,0,6,7,1,108
1015,73000,73600.1,0.7,1,2,0,6,7,1,109
1016,73000,73600.1,0.7,2,2,0,6,7,1,110
1017,73000,73600.1,0.7,3,2,0,6,7,1,111
1018,73000,73600.1,0.7,4,2,0,6,7,1,112
1019,73000,73600.1,0.7,5,2,0,6,7,1,113
1020,73000,73600.1,0.7,6,2,0,6,7,1,114
1021,73000,73600.1,0.7,7,2,0,6,7,1,115
1022,73000,73600.1,0.7,8,2,0,6,7,1,116
1023,73000,73600.1,0.7,9,2,0,6,7,1,117
1024,73000,73600.1,0.7,10,2,0,6,7,1,118
1025,73000,73600.1,0.7,11,2,0,6,7,1,119
1026,73000,73600.1,0.7,0,2,0,6,7,1,120
1027,73000,73600.1,0.7,1,2,0,6,7,1,121
1028,73000,73600.1,0.7,2,2,0,6,7,1,122
1029,73000,73600.1,0.7,3,2,0,6,7,1,123
1030,73000,73600.1,0.7,4,2,0,6,7,1,124
1031,73000,73600.1,0.7,5,2,0,6,7,1,125
1032,73000,73600.1,0.7,6,2,0,6,7,1,126
1033,73000,73600.1,0.7,7,2,0,6,7,1,127
1034,73000,73600.1,0.7,8,2,0,6,7,1,128
1035,73000,73600.1,0.7,9,2,0,6,7,1,129
1036,73000,73600.1,0.7,10,2,0,6,7,1,130
1037,73000,73600.1,0.7,11,2,0,6,7,1,131
1038,73000,73600.1,0.7,0,2,0,6,7,1,132
1039,73000,73600.1,0.7,1,2,0,6,7,1,133
1040,73000,73600.1,0.7,2,2,0,6,7,1,134
1041,73000,73600.1,0.7,3,2,0,6,7,1,135
1042,73000,73600.1,0.7,4,2,0,6,7,1,136
1043,73000,73600.1,0.7,5,2,0,6,7,1,137
1044,73000,73600.1,0.7,6,2,0,6,7,1,138
1045,73000,73600.1,0.7,7,2,0,6,7,1,139
1046,73000,73600.1,0.7,8,2,0,6,7,1,140
1047,73000,73600.1,0.7,9,2,0,6,7,1,141
1048,73000,73600.1,0.7,10,2,0,6,7,1,142
1049,73000,73600.1,0.7,11,2,0,6,7,1,143
1050,73000,73600.1,0.7,0,2,0,6,7,1,144
1051,73000,73600.1,0.7,1,2,0,6,7,1,145
1052,73000,73600.1,0.7,2,2,0,6,7,1,146
1053,73000,73600.1,0.7,3,2,0,6,7,1,147
1054,73000,73600.1,0.7,4,2,0,6,7,1,148
1055,73000,73600.1,0.7,5,2,0,6,7,1,149
1056,73000,73600.1,0.7,6,2,0,6,7,1,150
1057,73000,0.0,0.0,0,0,0,7,8,0,0
1058,73000,579.2,0.8,1,0,0,7,8,1,1
1059,73000,937.6000000000001,0.8,2,0,0,7,8,1,2
1060,73000,1262.4,0.8,3,0,0,7,8,1,3
1061,73000,1604.0,0.8,4,0,0,7,8,1,4
1062,73000,2006.4,0.8,5,0,0,7,8,1,5
1063,73000,2873.6000000000004,0.8,6,0,0,7,8,1,6
1064,73000,6864.800000000001,0.8,7,0,0,7,8,1,7
1065,73000,19054.4,0.8,8,0,0,7,8,1,8
1066,73000,29954.4,0.8,9,0,0,7,8,1,9
1067,73000,35658.4,0.8,10,0,0,7,8,1,10
1068,73000,37619.200000000004,0.8,11,0,0,7,8,1,11
1069,73000,38624.8,0.8,0,1,0,7,8,1,12
1070,73000,39204.0,0.8,1,1,0,7,8,1,13
1071,73000,39562.4,0.8,2,1,0,7,8,1,14
1072,73000,39887.200000000004,0.8,3,1,0,7,8,1,15
1073,73000,40228.8,0.8,4,1,0,7,8,1,16
1074,73000,40631.200000000004,0.8,5,1,0,7,8,1,17
1075,73000,41498.4,0.8,6,1,0,7,8,1,18
1076,73000,45489.6,0.8,7,1,0,7,8,1,19
1077,73000,57679.2,0.8,8,1,0,7,8,1,20
1078,73000,68579.2,0.8,9,1,0,7,8,1,21
1079,73000,74283.2,0.8,10,1,0,7,8,1,22
1080,73000,74283.2,0.8,11,1,0,7,8,1,23
1081,73000,74283.2,0.8,0,1,0,7,8,1,24
1082,73000,74283.2,0.8,1,1,0,7,8,1,25
1083,73000,74283.2,0.8,2,1,0,7,8,1,26
1084,73000,74283.2,0.8,3,1,0,7,8,1,27
1085,73000,74283.2,0.8,4,1,0,7,8,1,28
1086,73000,74283.2,0.8,5,1,0,7,8,1,29
1087,73000,74283.2,0.8,6,1,0,7,8,1,30
1088,73000,74283.2,0.8,7,1,0,7,8,1,31
1089,73000,74283.2,0.8,8,1,0,7,8,1,32
1090,73000,74283.2,0.8,9,1,0,7,8,1,33
1091,73000,74283.2,0.8,10,1,0,7,8,1,34
1092,73000,74283.2,0.8,11,1,0,7,8,1,35
1093,73000,74283.2,0.8,0,1,0,7,8,1,36
1094,73000,74283.2,0.8,1,1,0,7,8,1,37
1095,73000,74283.2,0.8,2,1,0,7,8,1,38
1096,73000,74283.2,0.8,3,1,0,7,8,1,39
1097,73000,74283.2,0.8,4,1,0,7,8,1,40
1098,73000,74283.2,0.8,5,1,0,7,8,1,41
1099,73000,74283.2,0.8,6,1,0,7,8,1,42
1100,73000,74283.2,0.8,7,1,0,7,8,1,43
1101,73000,74283.2,0.8,8,1,0,7,8,1,44
1102,73000,74283.2,0.8,9,1,0,7,8,1,45
1103,73000,74283.2,0.8,10,1,0,7,8,1,46
1104,73000,74283.2,0.8,11,1,0,7,8,1,47
1105,73000,74283.2,0.8,0,1,0,7,8,1,48
1106,73000,74283.2,0.8,1,1,0,7,8,1,49
1107,73000,74283.2,0.8,2,1,0,7,8,1,50
1108,73000,74283.2,0.8,3,1,0,7,8,1,51
1109,73000,74283.2,0.8,4,1,0,7,8,1,52
1110,73000,74283.2,0.8,5,1,0,7,8,1,53
1111,73000,74283.2,0.8,6,1,0,7,8,1,54
1112,73000,74283.2,0.8,7,1,0,7,8,1,55
1113,73000,74283.2,0.8,8,1,0,7,8,1,56
1114,73000,74283.2,0.8,9,1,0,7,8,1,57
1115,73000,74283.2,0.8,10,1,0,7,8,1,58
1116,73000,74283.2,0.8,11,1,0,7,8,1,59
1117,73000,74283.2,0.8,0,1,0,7,8,1,60
1118,73000,74283.2,0.8,1,1,0,7,8,1,61
1119,73000,74283.2,0.8,2,1,0,7,8,1,62
1120,73000,74283.2,0.8,3,1,0,7,8,1,63
1121,73000,74283.2,0.8,4,1,0,7,8,1,64
1122,73000,74283.2,0.8,5,1,0,7,8,1,65
1123,73000,74283.2,0.8,6,1,0,7,8,1,66
1124,73000,74283.2,0.8,7,1,0,7,8,1,67
1125,73000,74283.2,0.8,8,1,0,7,8,1,68
1126,73000,74283.2,0.8,9,1,0,7,8,1,69
1127,73000,74283.2,0.8,10,1,0,7,8,1,70
1128,73000,74283.2,0.8,11,1,0,7,8,1,71
1129,73000,74283.2,0.8,0,1,0,7,8,1,72
1130,73000,74283.2,0.8,1,1,0,7,8,1,73
1131,73000,74283.2,0.8,2,1,0,7,8,1,74
1132,73000,74283.2,0.8,3,1,0,7,8,1,75
1133,73000,74283.2,0.8,4,1,0,7,8,1,76
1134,73000,74283.2,0.8,5,1,0,7,8,1,77
1135,73000,74283.2,0.8,6,1,0,7,8,1,78
1136,73000,74283.2,0.8,7,1,0,7,8,1,79
1137,73000,74283.2,0.8,8,1,0,7,8,1,80
1138,73000,74283.2,0.8,9,1,0,7,8,1,81
1139,73000,74283.2,0.8,10,1,0,7,8,1,82
1140,73000,74283.2,0.8,11,1,0,7,8,1,83
1141,73000,74283.2,0.8,0,1,0,7,8,1,84
1142,73000,74283.2,0.8,1,1,0,7,8,1,85
1143,73000,74283.2,0.8,2,1,0,7,8,1,86
1144,73000,74283.2,0.8,3,1,0,7,8,1,87
1145,73000,74283.2,0.8,4,1,0,7,8,1,88
1146,73000,74283.2,0.8,5,1,0,7,8,1,89
1147,73000,74283.2,0.8,6,1,0,7,8,1,90
1148,73000,74283.2,0.8,7,1,0,7,8,1,91
1149,73000,74283.2,0.8,8,1,0,7,8,1,92
1150,73000,74283.2,0.8,9,1,0,7,8,1,93
1151,73000,74283.2,0.8,10,1,0,7,8,1,94
1152,73000,74283.2,0.8,11,1,0,7,8,1,95
1153,73000,74283.2,0.8,0,1,0,7,8,1,96
1154,73000,74283.2,0.8,1,1,0,7,8,1,97
1155,73000,74283.2,0.8,2,1,0,7,8,1,98
1156,73000,74283.2,0.8,3,1,0,7,8,1,99
1157,73000,74283.2,0.8,4,1,0,7,8,1,100
1158,73000,74283.2,0.8,5,1,0,7,8,1,101
1159,73000,74283.2,0.8,6,1,0,7,8,1,102
1160,73000,74283.2,0.8,7,1,0,7,8,1,103
1161,73000,74283.2,0.8,8,1,0,7,8,1,104
1162,73000,74283.2,0.8,9,1,0,7,8,1,105
1163,73000,74283.2,0.8,10,1,0,7,8,1,106
1164,73000,74283.2,0.8,11,1,0,7,8,1,107
1165,73000,74283.2,0.8,0,1,0,7,8,1,108
1166,73000,74283.2,0.8,1,1,0,7,8,1,109
1167,73000,74283.2,0.8,2,1,0,7,8,1,110
1168,73000,74283.2,0.8,3,1,0,7,8,1,111
1169,73000,74283.2,0.8,4,1,0,7,8,1,112
1170,73000,74283.2,0.8,5,1,0,7,8,1,113
1171,73000,74283.2,0.8,6,1,0,7,8,1,114
1172,73000,74283.2,0.8,7,1,0,7,8,1,115
1173,73000,74283.2,0.8,8,1,0,7,8,1,116
1174,73000,74283.2,0.8,9,1,0,7,8,1,117
1175,73000,74283.2,0.8,10,1,0,7,8,1,118
1176,73000,74283.2,0.8,11,1,0,7,8,1,119
1177,73000,74283.2,0.8,0,1,0,7,8,1,120
1178,73000,74283.2,0.8,1,1,0,7,8,1,121
1179,73000,74283.2,0.8,2,1,0,7,8,1,122
1180,73000,74283.2,0.8,3,1,0,7,8,1,123
1181,73000,74283.2,0.8,4,1,0,7,8,1,124
1182,73000,74283.2,0.8,5,1,0,7,8,1,125
1183,73000,74283.2,0.8,6,1,0,7,8,1,126
1184,73000,74283.2,0.8,7,1,0,7,8,1,127
1185,73000,74283.2,0.8,8,1,0,7,8,1,128
1186,73000,74283.2,0.8,9,1,0,7,8,1,129
1187,73000,74283.2,0.8,10,1,0,7,8,1,130
1188,73000,74283.2,0.8,11,1,0,7,8,1,131
1189,73000,74283.2,0.8,0,1,0,7,8,1,132
1190,73000,74283.2,0.8,1,1,0,7,8,1,133
1191,73000,74283.2,0.8,2,1,0,7,8,1,134
1192,73000,74283.2,0.8,3,1,0,7,8,1,135
1193,73000,74283.2,0.8,4,1,0,7,8,1,136
1194,73000,74283.2,0.8,5,1,0,7,8,1,137
1195,73000,74283.2,0.8,6,1,0,7,8,1,138
1196,73000,74283.2,0.8,7,1,0,7,8,1,139
1197,73000,74283.2,0.8,8,1,0,7,8,1,140
1198,73000,74283.2,0.8,9,1,0,7,8,1,141
1199,73000,74283.2,0.8,10,1,0,7,8,1,142
1200,73000,74283.2,0.8,11,1,0,7,8,1,143
1201,73000,74283.2,0.8,0,1,0,7,8,1,144
1202,73000,74283.2,0.8,1,1,0,7,8,1,145
1203,73000,74283.2,0.8,2,1,0,7,8,1,146
1204,73000,74283.2,0.8,3,1,0,7,8,1,147
1205,73000,74283.2,0.8,4,1,0,7,8,1,148
1206,73000,74283.2,0.8,5,1,0,7,8,1,149
1207,73000,74283.2,0.8,6,1,0,7,8,1,150
1208,73000,0.0,0.0,0,0,0,8,9,0,0
1209,73000,651.6,0.9,1,0,0,8,9,1,1
1210,73000,1054.8,0.9,2,0,0,8,9,1,2
1211,73000,1420.2,0.9,3,0,0,8,9,1,3
1212,73000,1804.5,0.9,4,0,0,8,9,1,4
1213,73000,2257.2,0.9,5,0,0,8,9,1,5
1214,73000,3232.7999999999997,0.9,6,0,0,8,9,1,6
1215,73000,7722.9,0.9,7,0,0,8,9,1,7
1216,73000,21436.2,0.9,8,0,0,8,9,1,8
1217,73000,33698.7,0.9,9,0,0,8,9,1,9
1218,73000,40115.7,0.9,10,0,0,8,9,1,10
1219,73000,42321.6,0.9,11,0,0,8,9,1,11
1220,73000,43452.9,0.9,0,1,0,8,9,1,12
1221,73000,44104.5,0.9,1,1,0,8,9,1,13
1222,73000,44507.7,0.9,2,1,0,8,9,1,14
1223,73000,44873.1,0.9,3,1,0,8,9,1,15
1224,73000,45257.4,0.9,4,1,0,8,9,1,16
1225,73000,45710.1,0.9,5,1,0,8,9,1,17
1226,73000,46685.7,0.9,6,1,0,8,9,1,18
1227,73000,51175.799999999996,0.9,7,1,0,8,9,1,19
1228,73000,64889.1,0.9,8,1,0,8,9,1,20
1229,73000,77151.6,0.9,9,1,0,8,9,1,21
1230,73000,77151.6,0.9,10,1,0,8,9,1,22
1231,73000,77151.6,0.9,11,1,0,8,9,1,23
1232,73000,77151.6,0.9,0,1,0,8,9,1,24
1233,73000,77151.6,0.9,1,1,0,8,9,1,25
1234,73000,77151.6,0.9,2,1,0,8,9,1,26
1235,73000,77151.6,0.9,3,1,0,8,9,1,27
1236,73000,77151.6,0.9,4,1,0,8,9,1,28
1237,73000,77151.6,0.9,5,1,0,8,9,1,29
1238,73000,77151.6,0.9,6,1,0,8,9,1,30
1239,73000,77151.6,0.9,7,1,0,8,9,1,31
1240,73000,77151.6,0.9,8,1,0,8,9,1,32
1241,73000,77151.6,0.9,9,1,0,8,9,1,33
1242,73000,77151.6,0.9,10,1,0,8,9,1,34
1243,73000,77151.6,0.9,11,1,0,8,9,1,35
1244,73000,77151.6,0.9,0,1,0,8,9,1,36
1245,73000,77151.6,0.9,1,1,0,8,9,1,37
1246,73000,77151.6,0.9,2,1,0,8,9,1,38
1247,73000,77151.6,0.9,3,1,0,8,9,1,39
1248,73000,77151.6,0.9,4,1,0,8,9,1,40
1249,73000,77151.6,0.9,5,1,0,8,9,1,41
1250,73000,77151.6,0.9,6,1,0,8,9,1,42
1251,73000,77151.6,0.9,7,1,0,8,9,1,43
1252,73000,77151.6,0.9,8,1,0,8,9,1,44
1253,73000,77151.6,0.9,9,1,0,8,9,1,45
1254,73000,77151.6,0.9,10,1,0,8,9,1,46
1255,73000,77151.6,0.9,11,1,0,8,9,1,47
1256,73000,77151.6,0.9,0,1,0,8,9,1,48
1257,73000,77151.6,0.9,1,1,0,8,9,1,49
1258,73000,77151.6,0.9,2,1,0,8,9,1,50
1259,73000,77151.6,0.9,3,1,0,8,9,1,51
1260,73000,77151.6,0.9,4,1,0,8,9,1,52
1261,73000,77151.6,0.9,5,1,0,8,9,1,53
1262,73000,77151.6,0.9,6,1,0,8,9,1,54
1263,73000,77151.6,0.9,7,1,0,8,9,1,55
1264,73000,77151.6,0.9,8,1,0,8,9,1,56
1265,73000,77151.6,0.9,9,1,0,8,9,1,57
1266,73000,77151.6,0.9,10,1,0,8,9,1,58
1267,73000,77151.6,0.9,11,1,0,8,9,1,59
1268,73000,77151.6,0.9,0,1,0,8,9,1,60
1269,73000,77151.6,0.9,1,1,0,8,9,1,61
1270,73000,77151.6,0.9,2,1,0,8,9,1,62
1271,73000,77151.6,0.9,3,1,0,8,9,1,63
1272,73000,77151.6,0.9,4,1,0,8,9,1,64
1273,73000,77151.6,0.9,5,1,0,8,9,1,65
1274,73000,77151.6,0.9,6,1,0,8,9,1,66
1275,73000,77151.6,0.9,7,1,0,8,9,1,67
1276,73000,77151.6,0.9,8,1,0,8,9,1,68
1277,73000,77151.6,0.9,9,1,0,8,9,1,69
1278,73000,77151.6,0.9,10,1,0,8,9,1,70
1279,73000,77151.6,0.9,11,1,0,8,9,1,71
1280,73000,77151.6,0.9,0,1,0,8,9,1,72
1281,73000,77151.6,0.9,1,1,0,8,9,1,73
1282,73000,77151.6,0.9,2,1,0,8,9,1,74
1283,73000,77151.6,0.9,3,1,0,8,9,1,75
1284,73000,77151.6,0.9,4,1,0,8,9,1,76
1285,73000,77151.6,0.9,5,1,0,8,9,1,77
1286,73000,77151.6,0.9,6,1,0,8,9,1,78
1287,73000,77151.6,0.9,7,1,0,8,9,1,79
1288,73000,77151.6,0.9,8,1,0,8,9,1,80
1289,73000,77151.6,0.9,9,1,0,8,9,1,81
1290,73000,77151.6,0.9,10,1,0,8,9,1,82
1291,73000,77151.6,0.9,11,1,0,8,9,1,83
1292,73000,77151.6,0.9,0,1,0,8,9,1,84
1293,73000,77151.6,0.9,1,1,0,8,9,1,85
1294,73000,77151.6,0.9,2,1,0,8,9,1,86
1295,73000,77151.6,0.9,3,1,0,8,9,1,87
1296,73000,77151.6,0.9,4,1,0,8,9,1,88
1297,73000,77151.6,0.9,5,1,0,8,9,1,89
1298,73000,77151.6,0.9,6,1,0,8,9,1,90
1299,73000,77151.6,0.9,7,1,0,8,9,1,91
1300,73000,77151.6,0.9,8,1,0,8,9,1,92
1301,73000,77151.6,0.9,9,1,0,8,9,1,93
1302,73000,77151.6,0.9,10,1,0,8,9,1,94
1303,73000,77151.6,0.9,11,1,0,8,9,1,95
1304,73000,77151.6,0.9,0,1,0,8,9,1,96
1305,73000,77151.6,0.9,1,1,0,8,9,1,97
1306,73000,77151.6,0.9,2,1,0,8,9,1,98
1307,73000,77151.6,0.9,3,1,0,8,9,1,99
1308,73000,77151.6,0.9,4,1,0,8,9,1,100
1309,73000,77151.6,0.9,5,1,0,8,9,1,101
1310,73000,77151.6,0.9,6,1,0,8,9,1,102
1311,73000,77151.6,0.9,7,1,0,8,9,1,103
1312,73000,77151.6,0.9,8,1,0,8,9,1,104
1313,73000,77151.6,0.9,9,1,0,8,9,1,105
1314,73000,77151.6,0.9,10,1,0,8,9,1,106
1315,73000,77151.6,0.9,11,1,0,8,9,1,107
1316,73000,77151.6,0.9,0,1,0,8,9,1,108
1317,73000,77151.6,0.9,1,1,0,8,9,1,109
1318,73000,77151.6,0.9,2,1,0,8,9,1,110
1319,73000,77151.6,0.9,3,1,0,8,9,1,111
1320,73000,77151.6,0.9,4,1,0,8,9,1,112
1321,73000,77151.6,0.9,5,1,0,8,9,1,113
1322,73000,77151.6,0.9,6,1,0,8,9,1,114
1323,73000,77151.6,0.9,7,1,0,8,9,1,115
1324,73000,77151.6,0.9,8,1,0,8,9,1,116
1325,73000,77151.6,0.9,9,1,0,8,9,1,117
1326,73000,77151.6,0.9,10,1,0,8,9,1,118
1327,73000,77151.6,0.9,11,1,0,8,9,1,119
1328,73000,77151.6,0.9,0,1,0,8,9,1,120
1329,73000,77151.6,0.9,1,1,0,8,9,1,121
1330,73000,77151.6,0.9,2,1,0,8,9,1,122
1331,73000,77151.6,0.9,3,1,0,8,9,1,123
1332,73000,77151.6,0.9,4,1,0,8,9,1,124
1333,73000,77151.6,0.9,5,1,0,8,9,1,125
1334,73000,77151.6,0.9,6,1,0,8,9,1,126
1335,73000,77151.6,0.9,7,1,0,8,9,1,127
1336,73000,77151.6,0.9,8,1,0,8,9,1,128
1337,73000,77151.6,0.9,9,1,0,8,9,1,129
1338,73000,77151.6,0.9,10,1,0,8,9,1,130
1339,73000,77151.6,0.9,11,1,0,8,9,1,131
1340,73000,77151.6,0.9,0,1,0,8,9,1,132
1341,73000,77151.6,0.9,1,1,0,8,9,1,133
1342,73000,77151.6,0.9,2,1,0,8,9,1,134
1343,73000,77151.6,0.9,3,1,0,8,9,1,135
1344,73000,77151.6,0.9,4,1,0,8,9,1,136
1345,73000,77151.6,0.9,5,1,0,8,9,1,137
1346,73000,77151.6,0.9,6,1,0,8,9,1,138
1347,73000,77151.6,0.9,7,1,0,8,9,1,139
1348,73000,77151.6,0.9,8,1,0,8,9,1,140
1349,73000,77151.6,0.9,9,1,0,8,9,1,141
1350,73000,77151.6,0.9,10,1,0,8,9,1,142
1351,73000,77151.6,0.9,11,1,0,8,9,1,143
1352,73000,77151.6,0.9,0,1,0,8,9,1,144
1353,73000,77151.6,0.9,1,1,0,8,9,1,145
1354,73000,77151.6,0.9,2,1,0,8,9,1,146
1355,73000,77151.6,0.9,3,1,0,8,9,1,147
1356,73000,77151.6,0.9,4,1,0,8,9,1,148
1357,73000,77151.6,0.9,5,1,0,8,9,1,149
1358,73000,77151.6,0.9,6,1,0,8,9,1,150
1359,73000,0.0,0.0,0,0,0,9,10,0,0
1360,73000,724.0,1.0,1,0,0,9,10,1,1
1361,73000,1172.0,1.0,2,0,0,9,10,1,2
1362,73000,1578.0,1.0,3,0,0,9,10,1,3
1363,73000,2005.0,1.0,4,0,0,9,10,1,4
1364,73000,2508.0,1.0,5,0,0,9,10,1,5
1365,73000,3592.0,1.0,6,0,0,9,10,1,6
1366,73000,8581.0,1.0,7,0,0,9,10,1,7
1367,73000,23818.0,1.0,8,0,0,9,10,1,8
1368,73000,37443.0,1.0,9,0,0,9,10,1,9
1369,73000,44573.0,1.0,10,0,0,9,10,1,10
1370,73000,47024.0,1.0,11,0,0,9,10,1,11
1371,73000,48281.0,1.0,0,1,0,9,10,1,12
1372,73000,49005.0,1.0,1,1,0,9,10,1,13
1373,73000,49453.0,1.0,2,1,0,9,10,1,14
1374,73000,49859.0,1.0,3,1,0,9,10,1,15
1375,73000,50286.0,1.0,4,1,0,9,10,1,16
1376,73000,50789.0,1.0,5,1,0,9,10,1,17
1377,73000,51873.0,1.0,6,1,0,9,10,1,18
1378,73000,56862.0,1.0,7,1,0,9,10,1,19
1379,73000,72099.0,1.0,8,1,0,9,10,1,20
1380,73000,85724.0,1.0,9,1,0,9,10,1,21
1381,73000,85724.0,1.0,10,1,0,9,10,1,22
1382,73000,85724.0,1.0,11,1,0,9,10,1,23
1383,73000,85724.0,1.0,0,1,0,9,10,1,24
1384,73000,85724.0,1.0,1,1,0,9,10,1,25
1385,73000,85724.0,1.0,2,1,0,9,10,1,26
1386,73000,85724.0,1.0,3,1,0,9,10,1,27
1387,73000,85724.0,1.0,4,1,0,9,10,1,28
1388,73000,85724.0,1.0,5,1,0,9,10,1,29
1389,73000,85724.0,1.0,6,1,0,9,10,1,30
1390,73000,85724.0,1.0,7,1,0,9,10,1,31
1391,73000,85724.0,1.0,8,1,0,9,10,1,32
1392,73000,85724.0,1.0,9,1,0,9,10,1,33
1393,73000,85724.0,1.0,10,1,0,9,10,1,34
1394,73000,85724.0,1.0,11,1,0,9,10,1,35
1395,73000,85724.0,1.0,0,1,0,9,10,1,36
1396,73000,85724.0,1.0,1,1,0,9,10,1,37
1397,73000,85724.0,1.0,2,1,0,9,10,1,38
1398,73000,85724.0,1.0,3,1,0,9,10,1,39
1399,73000,85724.0,1.0,4,1,0,9,10,1,40
1400,73000,85724.0,1.0,5,1,0,9,10,1,41
1401,73000,85724.0,1.0,6,1,0,9,10,1,42
1402,73000,85724.0,1.0,7,1,0,9,10,1,43
1403,73000,85724.0,1.0,8,1,0,9,10,1,44
1404,73000,85724.0,1.0,9,1,0,9,10,1,45
1405,73000,85724.0,1.0,10,1,0,9,10,1,46
1406,73000,85724.0,1.0,11,1,0,9,10,1,47
1407,73000,85724.0,1.0,0,1,0,9,10,1,48
1408,73000,85724.0,1.0,1,1,0,9,10,1,49
1409,73000,85724.0,1.0,2,1,0,9,10,1,50
1410,73000,85724.0,1.0,3,1,0,9,10,1,51
1411,73000,85724.0,1.0,4,1,0,9,10,1,52
1412,73000,85724.0,1.0,5,1,0,9,10,1,53
1413,73000,85724.0,1.0,6,1,0,9,10,1,54
1414,73000,85724.0,1.0,7,1,0,9,10,1,55
1415,73000,85724.0,1.0,8,1,0,9,10,1,56
1416,73000,85724.0,1.0,9,1,0,9,10,1,57
1417,73000,85724.0,1.0,10,1,0,9,10,1,58
1418,73000,85724.0,1.0,11,1,0,9,10,1,59
1419,73000,85724.0,1.0,0,1,0,9,10,1,60
1420,73000,85724.0,1.0,1,1,0,9,10,1,61
1421,73000,85724.0,1.0,2,1,0,9,10,1,62
1422,73000,85724.0,1.0,3,1,0,9,10,1,63
1423,73000,85724.0,1.0,4,1,0,9,10,1,64
1424,73000,85724.0,1.0,5,1,0,9,10,1,65
1425,73000,85724.0,1.0,6,1,0,9,10,1,66
1426,73000,85724.0,1.0,7,1,0,9,10,1,67
1427,73000,85724.0,1.0,8,1,0,9,10,1,68
1428,73000,85724.0,1.0,9,1,0,9,10,1,69
1429,73000,85724.0,1.0,10,1,0,9,10,1,70
1430,73000,85724.0,1.0,11,1,0,9,10,1,71
1431,73000,85724.0,1.0,0,1,0,9,10,1,72
1432,73000,85724.0,1.0,1,1,0,9,10,1,73
1433,73000,85724.0,1.0,2,1,0,9,10,1,74
1434,73000,85724.0,1.0,3,1,0,9,10,1,75
1435,73000,85724.0,1.0,4,1,0,9,10,1,76
1436,73000,85724.0,1.0,5,1,0,9,10,1,77
1437,73000,85724.0,1.0,6,1,0,9,10,1,78
1438,73000,85724.0,1.0,7,1,0,9,10,1,79
1439,73000,85724.0,1.0,8,1,0,9,10,1,80
1440,73000,85724.0,1.0,9,1,0,9,10,1,81
1441,73000,85724.0,1.0,10,1,0,9,10,1,82
1442,73000,85724.0,1.0,11,1,0,9,10,1,83
1443,73000,85724.0,1.0,0,1,0,9,10,1,84
1444,73000,85724.0,1.0,1,1,0,9,10,1,85
1445,73000,85724.0,1.0,2,1,0,9,10,1,86
1446,73000,85724.0,1.0,3,1,0,9,10,1,87
1447,73000,85724.0,1.0,4,1,0,9,10,1,88
1448,73000,85724.0,1.0,5,1,0,9,10,1,89
1449,73000,85724.0,1.0,6,1,0,9,10,1,90
1450,73000,85724.0,1.0,7,1,0,9,10,1,91
1451,73000,85724.0,1.0,8,1,0,9,10,1,92
1452,73000,85724.0,1.0,9,1,0,9,10,1,93
1453,73000,85724.0,1.0,10,1,0,9,10,1,94
1454,73000,85724.0,1.0,11,1,0,9,10,1,95
1455,73000,85724.0,1.0,0,1,0,9,10,1,96
1456,73000,85724.0,1.0,1,1,0,9,10,1,97
1457,73000,85724.0,1.0,2,1,0,9,10,1,98
1458,73000,85724.0,1.0,3,1,0,9,10,1,99
1459,73000,85724.0,1.0,4,1,0,9,10,1,100
1460,73000,85724.0,1.0,5,1,0,9,10,1,101
1461,73000,85724.0,1.0,6,1,0,9,10,1,102
1462,73000,85724.0,1.0,7,1,0,9,10,1,103
1463,73000,85724.0,1.0,8,1,0,9,10,1,104
1464,73000,85724.0,1.0,9,1,0,9,10,1,105
1465,73000,85724.0,1.0,10,1,0,9,10,1,106
1466,73000,85724.0,1.0,11,1,0,9,10,1,107
1467,73000,85724.0,1.0,0,1,0,9,10,1,108
1468,73000,85724.0,1.0,1,1,0,9,10,1,109
1469,73000,85724.0,1.0,2,1,0,9,10,1,110
1470,73000,85724.0,1.0,3,1,0,9,10,1,111
1471,73000,85724.0,1.0,4,1,0,9,10,1,112
1472,73000,85724.0,1.0,5,1,0,9,10,1,113
1473,73000,85724.0,1.0,6,1,0,9,10,1,114
1474,73000,85724.0,1.0,7,1,0,9,10,1,115
1475,73000,85724.0,1.0,8,1,0,9,10,1,116
1476,73000,85724.0,1.0,9,1,0,9,10,1,117
1477,73000,85724.0,1.0,10,1,0,9,10,1,118
1478,73000,85724.0,1.0,11,1,0,9,10,1,119
1479,73000,85724.0,1.0,0,1,0,9,10,1,120
1480,73000,85724.0,1.0,1,1,0,9,10,1,121
1481,73000,85724.0,1.0,2,1,0,9,10,1,122
1482,73000,85724.0,1.0,3,1,0,9,10,1,123
1483,73000,85724.0,1.0,4,1,0,9,10,1,124
1484,73000,85724.0,1.0,5,1,0,9,10,1,125
1485,73000,85724.0,1.0,6,1,0,9,10,1,126
1486,73000,85724.0,1.0,7,1,0,9,10,1,127
1487,73000,85724.0,1.0,8,1,0,9,10,1,128
1488,73000,85724.0,1.0,9,1,0,9,10,1,129
1489,73000,85724.0,1.0,10,1,0,9,10,1,130
1490,73000,85724.0,1.0,11,1,0,9,10,1,131
1491,73000,85724.0,1.0,0,1,0,9,10,1,132
1492,73000,85724.0,1.0,1,1,0,9,10,1,133
1493,73000,85724.0,1.0,2,1,0,9,10,1,134
1494,73000,85724.0,1.0,3,1,0,9,10,1,135
1495,73000,85724.0,1.0,4,1,0,9,10,1,136
1496,73000,85724.0,1.0,5,1,0,9,10,1,137
1497,73000,85724.0,1.0,6,1,0,9,10,1,138
1498,73000,85724.0,1.0,7,1,0,9,10,1,139
1499,73000,85724.0,1.0,8,1,0,9,10,1,140
1500,73000,85724.0,1.0,9,1,0,9,10,1,141
1501,73000,85724.0,1.0,10,1,0,9,10,1,142
1502,73000,85724.0,1.0,11,1,0,9,10,1,143
1503,73000,85724.0,1.0,0,1,0,9,10,1,144
1504,73000,85724.0,1.0,1,1,0,9,10,1,145
1505,73000,85724.0,1.0,2,1,0,9,10,1,146
1506,73000,85724.0,1.0,3,1,0,9,10,1,147
1507,73000,85724.0,1.0,4,1,0,9,10,1,148
1508,73000,85724.0,1.0,5,1,0,9,10,1,149
1509,73000,85724.0,1.0,6,1,0,9,10,1,150
